,JobInvolvement,JobLevel,JobSatisfaction,PerformanceRating,TotalWorkingYears,TrainingTimesLastYear,WorkLifeBalance,YearsAtCompany,YearsInCurrentRole,YearsSinceLastPromotion,JobRole_Healthcare Representative,JobRole_Human Resources,JobRole_Laboratory Technician,JobRole_Manager,JobRole_Manufacturing Director,JobRole_Research Director,JobRole_Research Scientist,JobRole_Sales Executive,JobRole_Sales Representative
0,3,2,4,3,8,0,1,6,4,0,0.0,0.0,0.0,0.0,0.0,0.0,0.0,1.0,0.0
1,2,2,2,4,10,3,3,10,7,1,0.0,0.0,0.0,0.0,0.0,0.0,1.0,0.0,0.0
2,2,1,3,3,7,3,3,0,0,0,0.0,0.0,1.0,0.0,0.0,0.0,0.0,0.0,0.0
3,3,1,3,3,8,3,3,8,7,3,0.0,0.0,0.0,0.0,0.0,0.0,1.0,0.0,0.0
4,3,1,2,3,6,3,3,2,2,2,0.0,0.0,1.0,0.0,0.0,0.0,0.0,0.0,0.0
5,3,1,4,3,8,2,2,7,7,3,0.0,0.0,1.0,0.0,0.0,0.0,0.0,0.0,0.0
6,4,1,1,4,12,3,2,1,0,0,0.0,0.0,1.0,0.0,0.0,0.0,0.0,0.0,0.0
7,3,1,3,4,1,2,3,1,0,0,0.0,0.0,1.0,0.0,0.0,0.0,0.0,0.0,0.0
8,2,3,3,4,10,2,3,9,7,1,0.0,0.0,0.0,0.0,1.0,0.0,0.0,0.0,0.0
9,3,2,3,3,17,3,2,7,7,7,1.0,0.0,0.0,0.0,0.0,0.0,0.0,0.0,0.0
10,4,1,2,3,6,5,3,5,4,0,0.0,0.0,1.0,0.0,0.0,0.0,0.0,0.0,0.0
11,2,2,3,3,10,3,3,9,5,0,0.0,0.0,1.0,0.0,0.0,0.0,0.0,0.0,0.0
12,3,1,3,3,5,1,2,5,2,4,0.0,0.0,0.0,0.0,0.0,0.0,1.0,0.0,0.0
13,3,1,4,3,3,2,3,2,2,1,0.0,0.0,1.0,0.0,0.0,0.0,0.0,0.0,0.0
14,2,1,3,3,6,4,3,4,2,0,0.0,0.0,1.0,0.0,0.0,0.0,0.0,0.0,0.0
15,4,3,1,3,10,1,3,10,9,8,0.0,0.0,0.0,0.0,1.0,0.0,0.0,0.0,0.0
16,4,1,2,3,7,5,2,6,2,0,0.0,0.0,0.0,0.0,0.0,0.0,1.0,0.0,0.0
17,4,1,4,3,1,2,2,1,0,0,0.0,0.0,1.0,0.0,0.0,0.0,0.0,0.0,0.0
18,2,4,4,3,31,3,3,25,8,3,0.0,0.0,0.0,1.0,0.0,0.0,0.0,0.0,0.0
19,3,1,4,3,6,3,3,3,2,1,0.0,0.0,0.0,0.0,0.0,0.0,1.0,0.0,0.0
20,4,2,3,3,5,5,2,4,2,1,0.0,0.0,0.0,0.0,1.0,0.0,0.0,0.0,0.0
21,2,1,1,4,10,4,3,5,3,0,0.0,0.0,0.0,0.0,0.0,0.0,0.0,0.0,1.0
22,3,3,2,3,13,4,3,12,6,2,0.0,0.0,0.0,0.0,0.0,1.0,0.0,0.0,0.0
23,3,1,4,3,0,6,3,0,0,0,0.0,0.0,0.0,0.0,0.0,0.0,1.0,0.0,0.0
24,3,1,1,3,8,2,3,4,2,1,0.0,0.0,0.0,0.0,0.0,0.0,1.0,0.0,0.0
25,3,5,3,3,26,3,2,14,13,4,0.0,0.0,0.0,1.0,0.0,0.0,0.0,0.0,0.0
26,1,1,1,4,10,5,3,10,2,6,0.0,0.0,0.0,0.0,0.0,0.0,1.0,0.0,0.0
27,3,2,2,3,10,2,3,9,7,4,0.0,0.0,0.0,0.0,0.0,0.0,0.0,1.0,0.0
28,2,3,4,3,24,4,3,22,6,5,1.0,0.0,0.0,0.0,0.0,0.0,0.0,0.0,0.0
29,3,5,1,3,22,2,2,2,2,2,0.0,0.0,0.0,1.0,0.0,0.0,0.0,0.0,0.0
30,3,1,4,3,7,3,3,1,1,0,0.0,0.0,1.0,0.0,0.0,0.0,0.0,0.0,0.0
31,3,2,4,3,9,5,4,4,2,1,1.0,0.0,0.0,0.0,0.0,0.0,0.0,0.0,0.0
32,2,1,3,3,10,5,3,10,0,1,0.0,0.0,1.0,0.0,0.0,0.0,0.0,0.0,0.0
33,3,2,4,3,19,6,4,1,0,0,0.0,0.0,0.0,0.0,0.0,0.0,0.0,0.0,1.0
34,3,1,4,3,6,2,2,2,0,2,0.0,0.0,0.0,0.0,0.0,0.0,1.0,0.0,0.0
35,4,1,3,3,6,3,2,5,3,1,0.0,0.0,0.0,0.0,0.0,0.0,1.0,0.0,0.0
36,2,1,3,3,3,2,3,3,2,0,0.0,0.0,0.0,0.0,0.0,0.0,0.0,0.0,1.0
37,3,1,4,3,2,3,3,2,2,2,0.0,0.0,0.0,0.0,0.0,0.0,0.0,0.0,1.0
38,2,1,1,3,6,3,4,1,1,0,0.0,0.0,0.0,0.0,0.0,0.0,1.0,0.0,0.0
39,4,2,1,3,10,3,3,5,3,1,0.0,0.0,0.0,0.0,0.0,0.0,0.0,1.0,0.0
40,3,1,4,3,1,3,3,1,0,0,0.0,0.0,1.0,0.0,0.0,0.0,0.0,0.0,0.0
41,3,1,1,3,1,6,3,1,0,0,0.0,0.0,1.0,0.0,0.0,0.0,0.0,0.0,0.0
42,1,1,3,3,1,2,2,1,0,0,0.0,0.0,1.0,0.0,0.0,0.0,0.0,0.0,0.0
43,3,3,3,3,9,0,3,9,8,1,0.0,0.0,0.0,0.0,0.0,0.0,0.0,1.0,0.0
44,3,2,4,4,12,2,3,12,8,3,0.0,0.0,1.0,0.0,0.0,0.0,0.0,0.0,0.0
45,3,5,3,3,23,0,3,22,15,15,0.0,0.0,0.0,0.0,0.0,1.0,0.0,0.0,0.0
46,3,2,3,4,10,2,3,9,5,8,0.0,0.0,0.0,0.0,0.0,0.0,0.0,1.0,0.0
47,3,1,2,4,8,1,3,1,0,0,0.0,0.0,0.0,0.0,0.0,0.0,1.0,0.0,0.0
48,3,2,4,4,14,4,3,9,6,0,0.0,0.0,0.0,0.0,0.0,0.0,0.0,1.0,0.0
49,4,1,4,3,1,2,3,1,0,0,0.0,0.0,1.0,0.0,0.0,0.0,0.0,0.0,0.0
50,2,3,3,3,23,2,3,1,0,0,0.0,0.0,1.0,0.0,0.0,0.0,0.0,0.0,0.0
51,3,1,3,3,2,3,2,2,2,2,0.0,0.0,1.0,0.0,0.0,0.0,0.0,0.0,0.0
52,3,2,1,4,9,2,2,4,3,1,0.0,0.0,0.0,0.0,0.0,0.0,0.0,1.0,0.0
53,2,3,1,3,10,3,3,4,0,2,1.0,0.0,0.0,0.0,0.0,0.0,0.0,0.0,0.0
54,2,2,4,3,5,2,2,2,2,0,0.0,0.0,0.0,0.0,0.0,0.0,0.0,1.0,0.0
55,3,3,4,3,15,1,3,15,14,8,0.0,0.0,0.0,0.0,0.0,1.0,0.0,0.0,0.0
56,3,3,1,4,9,3,2,9,8,1,0.0,0.0,0.0,0.0,0.0,0.0,0.0,1.0,0.0
57,3,1,1,3,4,3,3,2,2,2,0.0,0.0,1.0,0.0,0.0,0.0,0.0,0.0,0.0
58,3,2,4,4,10,3,2,7,7,1,0.0,0.0,1.0,0.0,0.0,0.0,0.0,0.0,0.0
59,2,2,3,3,7,2,4,7,5,0,0.0,0.0,0.0,0.0,1.0,0.0,0.0,0.0,0.0
60,3,2,4,4,9,3,3,9,8,7,0.0,0.0,0.0,0.0,1.0,0.0,0.0,0.0,0.0
61,3,2,4,3,10,2,3,10,3,9,0.0,0.0,1.0,0.0,0.0,0.0,0.0,0.0,0.0
62,2,5,3,3,29,2,2,27,3,13,0.0,0.0,0.0,0.0,0.0,1.0,0.0,0.0,0.0
63,3,3,1,3,28,3,2,21,16,7,0.0,0.0,0.0,0.0,0.0,0.0,0.0,1.0,0.0
64,3,3,3,3,17,2,3,17,14,12,1.0,0.0,0.0,0.0,0.0,0.0,0.0,0.0,0.0
65,3,4,3,3,21,2,3,5,0,0,0.0,0.0,0.0,1.0,0.0,0.0,0.0,0.0,0.0
66,2,2,2,3,6,3,3,6,5,0,0.0,0.0,0.0,0.0,1.0,0.0,0.0,0.0,0.0
67,3,3,1,3,25,2,3,1,0,0,0.0,0.0,0.0,0.0,0.0,0.0,1.0,0.0,0.0
68,3,1,1,3,5,2,2,3,2,1,0.0,0.0,0.0,0.0,0.0,0.0,1.0,0.0,0.0
69,2,1,3,3,2,0,2,1,0,0,0.0,0.0,0.0,0.0,0.0,0.0,1.0,0.0,0.0
70,2,2,3,3,20,2,2,4,3,1,0.0,0.0,0.0,0.0,0.0,0.0,0.0,1.0,0.0
71,3,1,2,4,6,3,3,5,4,0,0.0,0.0,0.0,0.0,0.0,0.0,1.0,0.0,0.0
72,3,1,2,3,1,4,3,1,1,1,0.0,0.0,0.0,0.0,0.0,0.0,1.0,0.0,0.0
73,3,2,2,3,10,3,3,10,4,0,0.0,0.0,0.0,0.0,0.0,0.0,1.0,0.0,0.0
74,4,1,4,3,5,3,3,1,0,0,0.0,0.0,1.0,0.0,0.0,0.0,0.0,0.0,0.0
75,3,2,4,4,11,2,3,11,7,1,0.0,0.0,0.0,0.0,1.0,0.0,0.0,0.0,0.0
76,2,2,1,3,16,2,3,15,13,2,0.0,0.0,0.0,0.0,0.0,0.0,0.0,1.0,0.0
77,3,3,1,3,17,3,4,0,0,0,0.0,0.0,0.0,0.0,0.0,1.0,0.0,0.0,0.0
78,3,3,3,3,16,3,4,5,2,0,0.0,0.0,0.0,0.0,0.0,1.0,0.0,0.0,0.0
79,3,2,2,4,16,2,3,4,2,0,0.0,1.0,0.0,0.0,0.0,0.0,0.0,0.0,0.0
80,2,2,4,3,10,1,2,10,8,3,0.0,0.0,1.0,0.0,0.0,0.0,0.0,0.0,0.0
81,2,1,3,3,6,3,3,6,4,0,0.0,0.0,0.0,0.0,0.0,0.0,1.0,0.0,0.0
82,3,3,4,3,24,4,3,1,0,1,0.0,0.0,0.0,0.0,0.0,0.0,0.0,1.0,0.0
83,1,2,4,3,17,3,3,13,11,1,0.0,0.0,0.0,0.0,0.0,0.0,1.0,0.0,0.0
84,3,2,2,3,5,2,3,5,2,1,0.0,0.0,0.0,0.0,1.0,0.0,0.0,0.0,0.0
85,1,3,4,3,37,3,2,6,4,0,0.0,0.0,0.0,0.0,1.0,0.0,0.0,0.0,0.0
86,3,1,1,3,3,3,3,0,0,0,0.0,0.0,0.0,0.0,0.0,0.0,0.0,0.0,1.0
87,3,1,4,4,10,4,3,4,2,0,0.0,0.0,1.0,0.0,0.0,0.0,0.0,0.0,0.0
88,2,2,4,3,11,3,3,11,10,10,1.0,0.0,0.0,0.0,0.0,0.0,0.0,0.0,0.0
89,2,3,4,3,9,3,3,9,8,4,0.0,0.0,0.0,0.0,0.0,0.0,0.0,1.0,0.0
90,2,4,2,4,22,3,2,22,3,11,1.0,0.0,0.0,0.0,0.0,0.0,0.0,0.0,0.0
91,3,2,4,4,11,2,1,10,7,1,0.0,0.0,0.0,0.0,0.0,0.0,0.0,1.0,0.0
92,2,2,2,3,11,4,2,11,8,2,0.0,0.0,0.0,0.0,0.0,0.0,0.0,1.0,0.0
93,2,3,1,3,21,5,2,10,9,9,1.0,0.0,0.0,0.0,0.0,0.0,0.0,0.0,0.0
94,3,2,3,3,12,0,3,11,8,5,0.0,0.0,0.0,0.0,0.0,0.0,0.0,1.0,0.0
95,3,3,3,3,16,5,1,4,3,0,0.0,0.0,0.0,0.0,0.0,1.0,0.0,0.0,0.0
96,3,2,3,4,4,2,2,3,2,0,0.0,0.0,0.0,0.0,0.0,0.0,0.0,1.0,0.0
97,3,2,3,3,5,3,4,5,4,0,0.0,0.0,0.0,0.0,0.0,0.0,0.0,1.0,0.0
98,3,4,3,3,38,1,2,37,10,1,0.0,0.0,0.0,0.0,0.0,0.0,0.0,1.0,0.0
99,3,2,2,3,17,3,4,3,2,1,0.0,0.0,1.0,0.0,0.0,0.0,0.0,0.0,0.0
100,3,1,1,4,7,3,3,3,2,0,0.0,1.0,0.0,0.0,0.0,0.0,0.0,0.0,0.0
101,3,1,1,3,1,2,3,1,0,0,0.0,0.0,0.0,0.0,0.0,0.0,1.0,0.0,0.0
102,2,1,4,3,1,5,3,1,0,1,0.0,0.0,1.0,0.0,0.0,0.0,0.0,0.0,0.0
103,3,2,3,3,16,3,3,16,13,2,0.0,0.0,0.0,0.0,0.0,0.0,1.0,0.0,0.0
104,2,2,4,3,17,2,4,1,0,0,1.0,0.0,0.0,0.0,0.0,0.0,0.0,0.0,0.0
105,2,5,4,4,30,3,3,3,2,2,0.0,0.0,0.0,1.0,0.0,0.0,0.0,0.0,0.0
106,3,5,2,3,28,1,2,8,3,0,0.0,0.0,0.0,0.0,0.0,1.0,0.0,0.0,0.0
107,2,2,3,3,6,1,3,6,4,0,0.0,0.0,0.0,0.0,0.0,0.0,0.0,1.0,0.0
108,2,1,4,3,2,2,3,2,2,2,0.0,0.0,0.0,0.0,0.0,0.0,1.0,0.0,0.0
109,3,1,4,3,1,5,3,0,0,0,0.0,0.0,1.0,0.0,0.0,0.0,0.0,0.0,0.0
110,2,3,1,4,23,1,2,13,12,12,1.0,0.0,0.0,0.0,0.0,0.0,0.0,0.0,0.0
111,1,2,3,4,9,3,3,9,7,0,0.0,0.0,1.0,0.0,0.0,0.0,0.0,0.0,0.0
112,4,4,4,3,23,3,3,5,3,4,0.0,0.0,0.0,1.0,0.0,0.0,0.0,0.0,0.0
113,3,1,3,3,6,2,3,5,3,1,0.0,0.0,1.0,0.0,0.0,0.0,0.0,0.0,0.0
114,2,2,2,3,12,3,3,1,0,0,0.0,0.0,0.0,0.0,0.0,0.0,1.0,0.0,0.0
115,3,3,4,3,12,3,3,5,3,1,0.0,0.0,0.0,0.0,0.0,0.0,0.0,1.0,0.0
116,2,3,1,3,14,6,3,11,10,5,0.0,0.0,0.0,1.0,0.0,0.0,0.0,0.0,0.0
117,3,3,4,3,10,6,3,9,7,2,0.0,0.0,0.0,0.0,0.0,0.0,0.0,1.0,0.0
118,3,1,4,4,7,2,3,1,0,0,0.0,0.0,1.0,0.0,0.0,0.0,0.0,0.0,0.0
119,3,4,4,3,25,3,4,25,12,4,0.0,0.0,0.0,1.0,0.0,0.0,0.0,0.0,0.0
120,1,1,3,4,10,2,2,10,7,0,0.0,0.0,0.0,0.0,0.0,0.0,1.0,0.0,0.0
121,3,2,2,3,8,2,4,7,7,0,0.0,0.0,0.0,0.0,0.0,0.0,0.0,1.0,0.0
122,3,1,2,3,7,2,3,5,4,4,0.0,0.0,0.0,0.0,0.0,0.0,1.0,0.0,0.0
123,3,5,3,3,23,5,3,20,18,15,0.0,0.0,0.0,0.0,0.0,1.0,0.0,0.0,0.0
124,1,2,3,3,12,3,2,7,7,7,0.0,0.0,0.0,0.0,0.0,0.0,0.0,1.0,0.0
125,2,1,2,3,5,3,2,5,4,4,0.0,0.0,0.0,0.0,0.0,0.0,1.0,0.0,0.0
126,3,3,4,3,40,3,2,40,10,15,1.0,0.0,0.0,0.0,0.0,0.0,0.0,0.0,0.0
127,3,1,3,3,0,2,2,0,0,0,0.0,0.0,0.0,0.0,0.0,0.0,0.0,0.0,1.0
128,3,1,4,3,3,2,3,2,1,2,0.0,0.0,1.0,0.0,0.0,0.0,0.0,0.0,0.0
129,3,2,1,3,16,2,2,15,11,5,0.0,0.0,0.0,0.0,1.0,0.0,0.0,0.0,0.0
130,4,1,3,3,18,2,3,3,2,1,0.0,0.0,0.0,0.0,0.0,0.0,1.0,0.0,0.0
131,3,3,4,3,16,3,3,2,2,2,0.0,0.0,0.0,0.0,0.0,0.0,0.0,1.0,0.0
132,1,2,3,3,4,2,3,2,2,2,0.0,0.0,0.0,0.0,0.0,0.0,0.0,1.0,0.0
133,3,3,3,3,12,2,3,9,7,0,0.0,0.0,0.0,0.0,0.0,0.0,0.0,1.0,0.0
134,3,1,3,4,8,3,3,8,7,5,0.0,1.0,0.0,0.0,0.0,0.0,0.0,0.0,0.0
135,3,2,2,4,7,0,3,3,2,0,0.0,0.0,0.0,0.0,1.0,0.0,0.0,0.0,0.0
136,1,3,4,3,18,2,3,4,2,0,0.0,0.0,0.0,0.0,1.0,0.0,0.0,0.0,0.0
137,2,2,3,3,17,1,4,15,11,5,0.0,0.0,0.0,0.0,0.0,0.0,0.0,1.0,0.0
138,2,2,3,3,6,3,3,2,2,2,0.0,0.0,0.0,0.0,0.0,0.0,0.0,1.0,0.0
139,3,2,4,3,12,2,1,11,9,4,0.0,1.0,0.0,0.0,0.0,0.0,0.0,0.0,0.0
140,3,1,1,4,10,2,4,5,4,0,0.0,0.0,1.0,0.0,0.0,0.0,0.0,0.0,0.0
141,3,1,4,3,9,2,2,6,5,0,0.0,0.0,0.0,0.0,0.0,0.0,1.0,0.0,0.0
142,3,2,3,4,19,2,3,3,2,2,0.0,0.0,0.0,0.0,0.0,0.0,1.0,0.0,0.0
143,3,1,3,3,5,4,2,5,4,0,0.0,0.0,0.0,0.0,0.0,0.0,1.0,0.0,0.0
144,1,2,4,3,9,2,4,8,7,0,0.0,0.0,0.0,0.0,0.0,0.0,0.0,1.0,0.0
145,3,1,1,3,8,3,3,3,2,2,0.0,0.0,0.0,0.0,0.0,0.0,1.0,0.0,0.0
146,2,1,4,3,6,3,3,5,3,1,0.0,0.0,1.0,0.0,0.0,0.0,0.0,0.0,0.0
147,2,4,1,3,21,2,2,7,6,7,0.0,0.0,0.0,1.0,0.0,0.0,0.0,0.0,0.0
148,3,1,1,4,7,2,3,5,0,1,0.0,0.0,1.0,0.0,0.0,0.0,0.0,0.0,0.0
149,3,1,2,3,1,3,3,1,0,0,0.0,0.0,1.0,0.0,0.0,0.0,0.0,0.0,0.0
150,3,2,2,3,20,2,3,20,7,2,0.0,0.0,0.0,0.0,0.0,0.0,1.0,0.0,0.0
151,3,3,2,3,10,3,3,10,8,0,0.0,0.0,0.0,0.0,0.0,0.0,0.0,1.0,0.0
152,3,2,3,4,13,3,1,7,7,4,0.0,0.0,0.0,0.0,0.0,0.0,0.0,0.0,1.0
153,3,2,2,3,20,2,1,17,9,0,0.0,0.0,1.0,0.0,0.0,0.0,0.0,0.0,0.0
154,3,3,4,3,9,2,3,9,8,3,0.0,0.0,0.0,0.0,0.0,0.0,0.0,1.0,0.0
155,3,2,3,3,10,1,3,10,7,0,0.0,0.0,0.0,0.0,1.0,0.0,0.0,0.0,0.0
156,2,2,3,3,10,2,3,1,0,0,0.0,0.0,0.0,0.0,1.0,0.0,0.0,0.0,0.0
157,2,1,2,4,9,3,2,1,0,0,0.0,0.0,0.0,0.0,0.0,0.0,1.0,0.0,0.0
158,2,3,4,3,15,2,2,12,11,2,0.0,0.0,0.0,0.0,0.0,0.0,0.0,1.0,0.0
159,3,1,3,3,6,3,3,4,3,1,0.0,0.0,0.0,0.0,0.0,0.0,0.0,0.0,1.0
160,3,1,4,4,2,6,3,2,2,2,0.0,0.0,0.0,0.0,0.0,0.0,1.0,0.0,0.0
161,3,1,2,3,6,1,1,2,2,2,0.0,0.0,0.0,0.0,0.0,0.0,1.0,0.0,0.0
162,3,1,4,3,5,2,1,5,2,0,0.0,0.0,0.0,0.0,0.0,0.0,1.0,0.0,0.0
163,4,3,4,3,12,2,1,5,3,1,1.0,0.0,0.0,0.0,0.0,0.0,0.0,0.0,0.0
164,2,1,3,3,1,2,2,1,1,0,0.0,0.0,0.0,0.0,0.0,0.0,1.0,0.0,0.0
165,3,5,2,3,21,5,3,5,4,4,0.0,0.0,0.0,1.0,0.0,0.0,0.0,0.0,0.0
166,3,1,3,3,13,2,3,9,8,1,0.0,0.0,0.0,0.0,0.0,0.0,1.0,0.0,0.0
167,3,3,4,3,12,2,3,10,9,7,0.0,0.0,0.0,0.0,0.0,0.0,0.0,1.0,0.0
168,2,2,4,4,12,2,4,8,3,0,0.0,0.0,0.0,0.0,0.0,0.0,0.0,1.0,0.0
169,3,1,3,4,8,2,3,5,4,1,0.0,0.0,0.0,0.0,0.0,0.0,1.0,0.0,0.0
170,3,1,2,3,6,3,2,5,2,1,0.0,0.0,0.0,0.0,0.0,0.0,1.0,0.0,0.0
171,1,1,1,4,1,5,4,0,0,0,0.0,0.0,0.0,0.0,0.0,0.0,0.0,0.0,1.0
172,3,1,2,3,13,3,2,8,7,7,0.0,0.0,1.0,0.0,0.0,0.0,0.0,0.0,0.0
173,3,2,1,3,12,4,3,12,9,6,0.0,0.0,1.0,0.0,0.0,0.0,0.0,0.0,0.0
174,3,2,1,3,9,3,4,5,4,0,0.0,0.0,0.0,0.0,0.0,0.0,0.0,1.0,0.0
175,3,1,1,3,19,3,3,2,2,2,0.0,0.0,0.0,0.0,0.0,0.0,1.0,0.0,0.0
176,3,1,4,3,4,2,4,3,1,0,0.0,0.0,0.0,0.0,0.0,0.0,1.0,0.0,0.0
177,2,1,4,4,1,3,2,1,0,1,0.0,0.0,1.0,0.0,0.0,0.0,0.0,0.0,0.0
178,3,3,1,4,24,2,3,24,13,15,0.0,0.0,0.0,0.0,0.0,0.0,0.0,1.0,0.0
179,3,1,4,3,2,3,3,2,2,2,0.0,0.0,1.0,0.0,0.0,0.0,0.0,0.0,0.0
180,3,1,4,4,7,0,3,4,2,0,0.0,0.0,0.0,0.0,0.0,0.0,1.0,0.0,0.0
181,3,1,2,3,9,3,3,3,2,1,0.0,0.0,0.0,0.0,0.0,0.0,1.0,0.0,0.0
182,3,1,2,4,4,5,2,4,3,0,0.0,0.0,0.0,0.0,0.0,0.0,0.0,0.0,1.0
183,2,1,3,3,5,2,2,3,2,0,0.0,0.0,1.0,0.0,0.0,0.0,0.0,0.0,0.0
184,4,2,1,3,5,3,3,4,2,1,0.0,0.0,0.0,0.0,1.0,0.0,0.0,0.0,0.0
185,3,1,2,3,8,5,3,8,7,1,0.0,0.0,0.0,0.0,0.0,0.0,1.0,0.0,0.0
186,3,5,3,3,21,2,3,20,8,9,0.0,0.0,0.0,1.0,0.0,0.0,0.0,0.0,0.0
187,4,5,2,3,36,3,3,24,15,2,0.0,0.0,0.0,0.0,0.0,1.0,0.0,0.0,0.0
188,2,2,3,3,10,2,2,10,9,1,0.0,0.0,0.0,0.0,1.0,0.0,0.0,0.0,0.0
189,3,4,2,3,21,6,3,7,7,1,1.0,0.0,0.0,0.0,0.0,0.0,0.0,0.0,0.0
190,2,5,3,3,34,5,3,33,18,11,0.0,0.0,0.0,1.0,0.0,0.0,0.0,0.0,0.0
191,3,1,2,3,7,2,2,7,7,0,0.0,0.0,0.0,0.0,0.0,0.0,1.0,0.0,0.0
192,2,2,3,3,8,1,3,1,0,0,0.0,0.0,0.0,0.0,1.0,0.0,0.0,0.0,0.0
193,4,1,4,3,7,3,4,5,4,2,0.0,0.0,0.0,0.0,0.0,0.0,1.0,0.0,0.0
194,2,4,4,4,22,1,3,20,8,11,0.0,0.0,0.0,1.0,0.0,0.0,0.0,0.0,0.0
195,4,1,1,3,8,3,2,8,7,1,0.0,0.0,0.0,0.0,0.0,0.0,1.0,0.0,0.0
196,3,2,2,3,10,5,3,6,2,1,0.0,0.0,1.0,0.0,0.0,0.0,0.0,0.0,0.0
197,3,2,3,3,11,5,3,5,3,0,0.0,0.0,0.0,0.0,1.0,0.0,0.0,0.0,0.0
198,3,2,3,3,14,3,3,1,0,0,0.0,0.0,0.0,0.0,1.0,0.0,0.0,0.0,0.0
199,3,2,4,3,9,3,1,7,7,1,0.0,0.0,0.0,0.0,1.0,0.0,0.0,0.0,0.0
200,2,2,1,3,6,1,3,2,2,2,0.0,0.0,0.0,0.0,1.0,0.0,0.0,0.0,0.0
201,3,2,4,3,7,0,3,7,7,1,0.0,0.0,0.0,0.0,1.0,0.0,0.0,0.0,0.0
202,3,1,3,3,5,4,4,5,3,2,0.0,0.0,0.0,0.0,0.0,0.0,1.0,0.0,0.0
203,3,2,4,3,15,2,4,7,2,3,0.0,0.0,1.0,0.0,0.0,0.0,0.0,0.0,0.0
204,3,2,1,3,17,2,3,1,0,0,1.0,0.0,0.0,0.0,0.0,0.0,0.0,0.0,0.0
205,3,3,4,4,10,3,2,10,4,1,0.0,0.0,0.0,0.0,0.0,0.0,0.0,1.0,0.0
206,4,1,2,3,4,2,2,4,2,2,0.0,0.0,0.0,0.0,0.0,0.0,1.0,0.0,0.0
207,3,1,4,3,8,2,3,8,1,1,0.0,0.0,1.0,0.0,0.0,0.0,0.0,0.0,0.0
208,2,2,4,3,5,5,1,3,2,0,1.0,0.0,0.0,0.0,0.0,0.0,0.0,0.0,0.0
209,3,3,1,3,17,3,3,4,2,0,1.0,0.0,0.0,0.0,0.0,0.0,0.0,0.0,0.0
210,1,3,4,3,14,2,2,14,8,9,0.0,0.0,0.0,0.0,0.0,0.0,0.0,1.0,0.0
211,2,3,3,4,12,2,3,11,8,5,0.0,0.0,0.0,0.0,1.0,0.0,0.0,0.0,0.0
212,3,2,3,3,7,2,3,7,7,0,0.0,0.0,0.0,0.0,0.0,0.0,0.0,1.0,0.0
213,2,3,2,3,16,5,1,10,9,4,0.0,0.0,0.0,0.0,0.0,1.0,0.0,0.0,0.0
214,3,1,1,3,8,5,3,5,2,0,0.0,0.0,0.0,0.0,0.0,0.0,1.0,0.0,0.0
215,3,3,4,3,16,3,3,1,0,0,0.0,0.0,0.0,1.0,0.0,0.0,0.0,0.0,0.0
216,2,2,1,3,9,5,2,6,3,0,0.0,0.0,0.0,0.0,0.0,0.0,0.0,1.0,0.0
217,3,1,3,3,7,1,2,6,2,1,0.0,0.0,0.0,0.0,0.0,0.0,1.0,0.0,0.0
218,2,3,4,3,23,2,3,19,7,12,0.0,0.0,0.0,0.0,0.0,0.0,0.0,1.0,0.0
219,3,2,1,3,16,4,3,6,2,0,0.0,0.0,0.0,0.0,0.0,0.0,0.0,1.0,0.0
220,3,2,2,3,16,3,4,13,11,3,0.0,0.0,1.0,0.0,0.0,0.0,0.0,0.0,0.0
221,2,1,2,4,7,3,3,3,2,1,0.0,0.0,0.0,0.0,0.0,0.0,1.0,0.0,0.0
222,3,3,4,3,10,1,3,10,8,0,0.0,0.0,0.0,0.0,0.0,1.0,0.0,0.0,0.0
223,3,3,3,3,17,6,2,16,10,5,0.0,0.0,0.0,0.0,0.0,0.0,0.0,1.0,0.0
224,1,2,3,3,6,2,3,5,4,1,0.0,0.0,0.0,0.0,1.0,0.0,0.0,0.0,0.0
225,2,1,4,3,7,6,3,1,0,0,0.0,0.0,0.0,0.0,0.0,0.0,1.0,0.0,0.0
226,3,1,4,3,13,2,3,9,8,5,0.0,0.0,0.0,0.0,0.0,0.0,0.0,0.0,1.0
227,3,3,4,3,11,5,3,11,10,4,0.0,0.0,0.0,0.0,0.0,0.0,0.0,1.0,0.0
228,3,3,3,3,10,3,4,10,7,0,0.0,0.0,0.0,0.0,0.0,0.0,0.0,1.0,0.0
229,2,1,4,3,4,3,2,4,3,0,0.0,0.0,0.0,0.0,0.0,0.0,1.0,0.0,0.0
230,2,1,4,3,6,3,2,2,2,2,0.0,0.0,1.0,0.0,0.0,0.0,0.0,0.0,0.0
231,3,5,4,3,22,3,3,22,17,11,0.0,0.0,0.0,1.0,0.0,0.0,0.0,0.0,0.0
232,3,1,3,3,7,2,2,2,2,2,0.0,1.0,0.0,0.0,0.0,0.0,0.0,0.0,0.0
233,3,5,4,3,32,3,2,7,0,0,0.0,0.0,0.0,1.0,0.0,0.0,0.0,0.0,0.0
234,3,1,4,3,8,2,1,5,4,0,0.0,0.0,1.0,0.0,0.0,0.0,0.0,0.0,0.0
235,3,4,4,4,22,3,3,17,13,1,0.0,0.0,0.0,1.0,0.0,0.0,0.0,0.0,0.0
236,3,1,1,4,13,3,4,9,7,1,0.0,0.0,1.0,0.0,0.0,0.0,0.0,0.0,0.0
237,2,5,3,3,33,2,4,33,7,15,0.0,0.0,0.0,1.0,0.0,0.0,0.0,0.0,0.0
238,3,1,2,3,6,5,3,4,3,1,0.0,0.0,0.0,0.0,0.0,0.0,0.0,0.0,1.0
239,2,1,3,3,4,2,1,3,2,1,0.0,0.0,1.0,0.0,0.0,0.0,0.0,0.0,0.0
240,3,1,3,3,7,1,3,3,2,1,0.0,0.0,1.0,0.0,0.0,0.0,0.0,0.0,0.0
241,3,2,4,3,4,2,3,3,2,2,0.0,0.0,0.0,0.0,0.0,0.0,0.0,1.0,0.0
242,3,2,1,3,17,2,2,1,0,0,0.0,0.0,0.0,0.0,0.0,0.0,1.0,0.0,0.0
243,3,2,4,3,9,3,3,9,8,4,0.0,0.0,0.0,0.0,0.0,0.0,1.0,0.0,0.0
244,4,5,4,3,25,2,3,24,0,1,0.0,0.0,0.0,1.0,0.0,0.0,0.0,0.0,0.0
245,3,3,3,3,9,3,3,2,2,2,0.0,0.0,0.0,0.0,0.0,1.0,0.0,0.0,0.0
246,2,1,4,3,2,2,2,2,2,0,0.0,0.0,0.0,0.0,0.0,0.0,1.0,0.0,0.0
247,2,2,1,3,13,3,3,11,9,5,0.0,0.0,0.0,0.0,1.0,0.0,0.0,0.0,0.0
248,2,1,1,3,17,2,2,3,1,0,0.0,0.0,0.0,0.0,0.0,0.0,1.0,0.0,0.0
249,4,2,3,3,9,1,3,3,2,0,0.0,0.0,0.0,0.0,1.0,0.0,0.0,0.0,0.0
250,3,3,3,3,17,5,3,1,0,0,0.0,0.0,0.0,0.0,1.0,0.0,0.0,0.0,0.0
251,3,3,3,4,20,1,3,19,6,11,1.0,0.0,0.0,0.0,0.0,0.0,0.0,0.0,0.0
252,3,1,4,3,6,1,3,6,5,1,0.0,0.0,0.0,0.0,0.0,0.0,1.0,0.0,0.0
253,4,2,1,3,10,1,3,3,2,0,0.0,0.0,0.0,0.0,0.0,0.0,1.0,0.0,0.0
254,3,2,4,3,10,2,3,3,2,0,0.0,0.0,0.0,0.0,0.0,0.0,0.0,1.0,0.0
255,3,2,3,3,5,3,3,4,2,1,0.0,0.0,0.0,0.0,1.0,0.0,0.0,0.0,0.0
256,2,1,1,3,10,4,3,9,6,7,0.0,0.0,1.0,0.0,0.0,0.0,0.0,0.0,0.0
257,3,5,3,3,22,5,3,21,7,3,0.0,0.0,0.0,0.0,0.0,1.0,0.0,0.0,0.0
258,3,1,4,3,1,0,2,1,0,0,0.0,0.0,0.0,0.0,0.0,0.0,1.0,0.0,0.0
259,2,1,2,3,6,2,4,5,4,1,0.0,0.0,1.0,0.0,0.0,0.0,0.0,0.0,0.0
260,4,1,2,4,5,3,1,5,1,0,0.0,0.0,1.0,0.0,0.0,0.0,0.0,0.0,0.0
261,2,2,4,3,13,0,3,8,7,7,0.0,0.0,0.0,0.0,0.0,0.0,0.0,1.0,0.0
262,2,2,1,3,9,5,3,6,2,0,0.0,0.0,1.0,0.0,0.0,0.0,0.0,0.0,0.0
263,1,4,2,3,28,2,2,7,7,7,0.0,0.0,0.0,1.0,0.0,0.0,0.0,0.0,0.0
264,3,1,3,3,5,5,1,0,0,0,0.0,0.0,1.0,0.0,0.0,0.0,0.0,0.0,0.0
265,2,2,2,3,10,2,3,0,0,0,0.0,0.0,0.0,0.0,0.0,0.0,0.0,1.0,0.0
266,2,2,4,4,10,2,3,9,0,7,1.0,0.0,0.0,0.0,0.0,0.0,0.0,0.0,0.0
267,4,2,1,3,6,2,3,6,3,1,1.0,0.0,0.0,0.0,0.0,0.0,0.0,0.0,0.0
268,3,4,4,3,21,2,3,20,7,4,1.0,0.0,0.0,0.0,0.0,0.0,0.0,0.0,0.0
269,3,1,4,3,16,4,3,15,13,10,0.0,0.0,1.0,0.0,0.0,0.0,0.0,0.0,0.0
270,3,5,1,3,37,2,3,36,10,4,0.0,0.0,0.0,1.0,0.0,0.0,0.0,0.0,0.0
271,3,3,2,3,10,2,2,10,7,9,0.0,0.0,0.0,1.0,0.0,0.0,0.0,0.0,0.0
272,3,1,4,4,5,3,2,5,2,0,0.0,0.0,0.0,0.0,0.0,0.0,1.0,0.0,0.0
273,3,2,4,3,7,5,4,5,4,0,0.0,0.0,0.0,0.0,0.0,0.0,0.0,1.0,0.0
274,2,1,3,3,3,4,4,3,2,1,0.0,0.0,0.0,0.0,0.0,0.0,1.0,0.0,0.0
275,3,3,4,3,15,2,3,5,2,0,0.0,0.0,0.0,0.0,0.0,1.0,0.0,0.0,0.0
276,4,3,2,3,10,6,2,7,7,6,0.0,0.0,0.0,1.0,0.0,0.0,0.0,0.0,0.0
277,4,2,1,4,8,3,3,8,0,7,0.0,0.0,0.0,0.0,0.0,0.0,0.0,1.0,0.0
278,3,2,2,4,6,6,1,6,5,1,0.0,0.0,0.0,0.0,1.0,0.0,0.0,0.0,0.0
279,3,5,2,3,28,4,2,10,4,1,0.0,0.0,0.0,0.0,0.0,1.0,0.0,0.0,0.0
280,3,4,3,3,21,5,2,5,3,1,0.0,0.0,0.0,0.0,0.0,1.0,0.0,0.0,0.0
281,3,2,3,4,20,3,3,20,16,11,0.0,0.0,0.0,0.0,0.0,0.0,0.0,1.0,0.0
282,3,2,4,3,10,3,2,10,7,0,0.0,0.0,0.0,0.0,0.0,0.0,0.0,1.0,0.0
283,3,2,4,3,12,4,3,10,7,0,0.0,0.0,1.0,0.0,0.0,0.0,0.0,0.0,0.0
284,3,2,1,3,5,3,3,5,3,3,1.0,0.0,0.0,0.0,0.0,0.0,0.0,0.0,0.0
285,3,1,4,3,17,3,3,17,12,5,0.0,0.0,0.0,0.0,0.0,0.0,1.0,0.0,0.0
286,3,1,3,4,19,0,1,1,0,0,0.0,0.0,1.0,0.0,0.0,0.0,0.0,0.0,0.0
287,3,2,4,3,10,2,3,2,2,1,1.0,0.0,0.0,0.0,0.0,0.0,0.0,0.0,0.0
288,3,1,2,3,5,2,3,3,2,0,0.0,0.0,1.0,0.0,0.0,0.0,0.0,0.0,0.0
289,3,1,4,4,5,3,3,5,3,0,0.0,0.0,0.0,0.0,0.0,0.0,1.0,0.0,0.0
290,3,5,1,3,22,4,3,3,2,1,0.0,0.0,0.0,0.0,0.0,1.0,0.0,0.0,0.0
291,3,2,2,3,10,2,3,8,0,7,0.0,0.0,0.0,0.0,0.0,0.0,1.0,0.0,0.0
292,3,1,2,3,2,5,2,2,2,2,0.0,0.0,0.0,0.0,0.0,0.0,0.0,0.0,1.0
293,2,2,4,3,8,0,3,8,7,7,0.0,0.0,0.0,0.0,0.0,0.0,0.0,1.0,0.0
294,3,1,4,3,4,3,2,4,2,1,0.0,0.0,0.0,0.0,0.0,0.0,1.0,0.0,0.0
295,3,4,2,3,23,2,4,20,4,4,0.0,0.0,0.0,0.0,0.0,0.0,0.0,1.0,0.0
296,3,1,3,3,0,2,3,0,0,0,0.0,0.0,1.0,0.0,0.0,0.0,0.0,0.0,0.0
297,3,3,2,3,12,3,2,11,9,6,0.0,0.0,0.0,0.0,0.0,0.0,0.0,1.0,0.0
298,4,1,4,3,4,2,3,1,0,0,0.0,0.0,1.0,0.0,0.0,0.0,0.0,0.0,0.0
299,1,2,2,3,13,3,3,4,1,1,0.0,0.0,0.0,0.0,1.0,0.0,0.0,0.0,0.0
300,3,4,2,3,22,2,3,22,10,0,0.0,0.0,0.0,1.0,0.0,0.0,0.0,0.0,0.0
301,2,1,3,3,0,2,3,0,0,0,0.0,0.0,0.0,0.0,0.0,0.0,0.0,0.0,1.0
302,4,2,1,3,9,2,3,8,3,0,1.0,0.0,0.0,0.0,0.0,0.0,0.0,0.0,0.0
303,4,2,4,3,10,3,2,8,7,7,0.0,0.0,0.0,0.0,0.0,0.0,0.0,1.0,0.0
304,4,3,4,3,19,5,2,18,10,3,1.0,0.0,0.0,0.0,0.0,0.0,0.0,0.0,0.0
305,3,2,2,3,11,3,3,9,8,0,0.0,0.0,1.0,0.0,0.0,0.0,0.0,0.0,0.0
306,2,2,3,3,13,3,2,13,8,4,0.0,0.0,0.0,0.0,0.0,0.0,0.0,1.0,0.0
307,2,3,2,3,19,2,3,10,8,0,0.0,0.0,0.0,0.0,0.0,1.0,0.0,0.0,0.0
308,1,2,3,3,12,2,3,5,3,1,1.0,0.0,0.0,0.0,0.0,0.0,0.0,0.0,0.0
309,3,1,4,3,6,4,3,5,2,0,0.0,0.0,0.0,0.0,0.0,0.0,1.0,0.0,0.0
310,2,2,1,3,9,1,3,2,2,1,0.0,1.0,0.0,0.0,0.0,0.0,0.0,0.0,0.0
311,3,3,1,3,24,2,3,24,9,9,0.0,0.0,1.0,0.0,0.0,0.0,0.0,0.0,0.0
312,3,1,4,3,3,2,1,2,2,2,0.0,0.0,0.0,0.0,0.0,0.0,1.0,0.0,0.0
313,3,3,2,3,12,2,3,10,6,8,0.0,0.0,0.0,1.0,0.0,0.0,0.0,0.0,0.0
314,3,4,1,3,21,3,3,21,9,11,0.0,0.0,0.0,1.0,0.0,0.0,0.0,0.0,0.0
315,3,1,4,3,9,5,3,8,7,1,0.0,0.0,1.0,0.0,0.0,0.0,0.0,0.0,0.0
316,2,4,3,3,25,2,3,7,1,0,1.0,0.0,0.0,0.0,0.0,0.0,0.0,0.0,0.0
317,2,2,2,3,11,3,2,8,2,7,0.0,0.0,0.0,0.0,0.0,0.0,1.0,0.0,0.0
318,3,1,2,3,4,2,2,4,3,1,0.0,0.0,0.0,0.0,0.0,0.0,1.0,0.0,0.0
319,2,2,2,3,13,2,3,13,12,11,0.0,0.0,0.0,0.0,0.0,0.0,0.0,1.0,0.0
320,3,2,3,3,5,3,3,5,4,0,0.0,0.0,0.0,0.0,0.0,0.0,0.0,1.0,0.0
321,3,2,4,3,13,3,3,7,7,1,0.0,0.0,0.0,0.0,0.0,0.0,0.0,1.0,0.0
322,4,2,4,3,10,0,2,7,7,0,0.0,0.0,0.0,0.0,0.0,0.0,1.0,0.0,0.0
323,1,1,4,3,5,4,2,3,2,2,0.0,0.0,0.0,0.0,0.0,0.0,1.0,0.0,0.0
324,3,2,4,3,11,2,3,10,8,1,0.0,0.0,0.0,0.0,0.0,0.0,1.0,0.0,0.0
325,2,3,3,4,10,2,3,10,9,8,0.0,0.0,0.0,0.0,1.0,0.0,0.0,0.0,0.0
326,2,5,4,3,21,2,3,21,9,13,0.0,0.0,0.0,1.0,0.0,0.0,0.0,0.0,0.0
327,3,2,3,3,12,3,2,1,0,0,0.0,0.0,0.0,0.0,0.0,0.0,0.0,1.0,0.0
328,2,2,4,3,9,6,2,7,7,0,0.0,0.0,0.0,0.0,0.0,0.0,0.0,1.0,0.0
329,3,5,3,3,21,2,3,3,2,1,0.0,0.0,0.0,0.0,0.0,1.0,0.0,0.0,0.0
330,2,2,3,3,9,3,4,9,7,0,0.0,0.0,1.0,0.0,0.0,0.0,0.0,0.0,0.0
331,3,2,2,3,6,0,3,5,4,1,0.0,0.0,0.0,0.0,0.0,0.0,0.0,1.0,0.0
332,3,2,3,3,20,4,2,4,3,0,0.0,0.0,0.0,0.0,0.0,0.0,1.0,0.0,0.0
333,3,3,1,3,10,1,2,1,0,0,1.0,0.0,0.0,0.0,0.0,0.0,0.0,0.0,0.0
334,3,2,4,3,12,3,3,10,9,9,0.0,0.0,0.0,0.0,0.0,0.0,1.0,0.0,0.0
335,1,2,4,4,6,2,2,4,3,0,0.0,0.0,0.0,0.0,0.0,0.0,0.0,1.0,0.0
336,1,1,1,3,7,4,2,7,7,0,0.0,0.0,1.0,0.0,0.0,0.0,0.0,0.0,0.0
337,2,1,4,3,4,2,3,3,2,2,0.0,0.0,1.0,0.0,0.0,0.0,0.0,0.0,0.0
338,2,2,3,3,10,2,3,10,9,1,0.0,0.0,0.0,0.0,0.0,0.0,0.0,1.0,0.0
339,3,2,2,3,8,3,3,8,7,0,0.0,0.0,0.0,0.0,0.0,0.0,0.0,1.0,0.0
340,3,2,4,3,8,2,2,6,2,0,0.0,0.0,0.0,0.0,1.0,0.0,0.0,0.0,0.0
341,2,3,4,3,12,3,3,11,10,2,0.0,0.0,0.0,0.0,0.0,1.0,0.0,0.0,0.0
342,3,3,4,3,11,2,2,11,9,4,0.0,0.0,0.0,0.0,1.0,0.0,0.0,0.0,0.0
343,2,2,2,3,7,2,3,7,7,1,0.0,0.0,0.0,0.0,0.0,0.0,0.0,1.0,0.0
344,3,3,2,3,17,5,3,16,6,0,0.0,0.0,0.0,0.0,1.0,0.0,0.0,0.0,0.0
345,3,1,4,3,4,2,2,4,2,0,0.0,0.0,0.0,0.0,0.0,0.0,1.0,0.0,0.0
346,2,2,2,3,8,3,3,5,4,1,0.0,0.0,0.0,0.0,1.0,0.0,0.0,0.0,0.0
347,3,2,3,3,5,3,3,0,0,0,0.0,0.0,0.0,0.0,0.0,0.0,0.0,0.0,1.0
348,3,4,4,3,16,2,3,1,0,0,0.0,0.0,0.0,0.0,0.0,1.0,0.0,0.0,0.0
349,3,2,3,3,4,3,2,4,3,0,0.0,0.0,0.0,0.0,0.0,0.0,0.0,1.0,0.0
350,3,1,3,3,4,5,3,3,2,1,0.0,1.0,0.0,0.0,0.0,0.0,0.0,0.0,0.0
351,3,1,2,3,8,4,3,8,0,0,0.0,0.0,1.0,0.0,0.0,0.0,0.0,0.0,0.0
352,3,3,3,4,15,3,1,0,0,0,0.0,0.0,0.0,1.0,0.0,0.0,0.0,0.0,0.0
353,4,2,1,3,13,2,3,7,7,6,0.0,0.0,0.0,0.0,0.0,0.0,1.0,0.0,0.0
354,3,2,3,3,4,2,4,2,2,2,0.0,0.0,0.0,0.0,0.0,0.0,0.0,1.0,0.0
355,3,2,3,3,8,3,3,8,7,7,0.0,0.0,0.0,0.0,0.0,0.0,0.0,1.0,0.0
356,2,2,4,4,14,6,3,1,0,0,1.0,0.0,0.0,0.0,0.0,0.0,0.0,0.0,0.0
357,2,1,2,3,3,3,3,3,2,1,0.0,0.0,0.0,0.0,0.0,0.0,0.0,0.0,1.0
358,3,2,4,3,7,6,3,1,0,0,0.0,0.0,0.0,0.0,0.0,0.0,0.0,1.0,0.0
359,2,3,4,3,16,2,3,13,9,1,0.0,0.0,0.0,0.0,0.0,0.0,0.0,1.0,0.0
360,3,2,3,3,15,2,3,3,2,1,1.0,0.0,0.0,0.0,0.0,0.0,0.0,0.0,0.0
361,4,1,3,3,10,3,3,7,7,1,0.0,0.0,1.0,0.0,0.0,0.0,0.0,0.0,0.0
362,3,1,4,4,3,3,2,3,2,2,0.0,0.0,0.0,0.0,0.0,0.0,0.0,0.0,1.0
363,3,1,3,3,1,2,3,1,0,0,0.0,0.0,0.0,0.0,0.0,0.0,0.0,0.0,1.0
364,3,1,1,4,17,3,3,5,4,0,0.0,0.0,1.0,0.0,0.0,0.0,0.0,0.0,0.0
365,3,2,3,3,7,2,4,1,0,0,0.0,0.0,0.0,0.0,1.0,0.0,0.0,0.0,0.0
366,3,2,2,3,8,5,3,8,7,7,0.0,0.0,0.0,0.0,0.0,0.0,0.0,1.0,0.0
367,2,3,4,3,20,2,3,4,3,1,1.0,0.0,0.0,0.0,0.0,0.0,0.0,0.0,0.0
368,2,2,3,3,8,6,3,6,4,1,0.0,0.0,0.0,0.0,0.0,0.0,0.0,1.0,0.0
369,2,1,2,3,3,5,3,2,2,2,0.0,0.0,0.0,0.0,0.0,0.0,1.0,0.0,0.0
370,4,1,2,3,1,0,3,1,0,0,0.0,0.0,0.0,0.0,0.0,0.0,0.0,0.0,1.0
371,3,1,4,3,6,4,3,3,2,1,0.0,0.0,0.0,0.0,0.0,0.0,1.0,0.0,0.0
372,2,2,2,3,10,5,3,1,1,0,1.0,0.0,0.0,0.0,0.0,0.0,0.0,0.0,0.0
373,3,1,2,3,5,2,3,5,2,0,0.0,0.0,1.0,0.0,0.0,0.0,0.0,0.0,0.0
374,3,2,4,3,7,1,3,7,5,0,0.0,0.0,0.0,0.0,0.0,0.0,0.0,1.0,0.0
375,2,3,3,4,26,2,3,5,2,0,1.0,0.0,0.0,0.0,0.0,0.0,0.0,0.0,0.0
376,3,2,4,3,18,2,2,7,7,0,0.0,0.0,0.0,0.0,0.0,0.0,0.0,1.0,0.0
377,3,1,3,3,6,3,3,2,2,2,0.0,0.0,0.0,0.0,0.0,0.0,1.0,0.0,0.0
378,4,2,4,3,9,3,2,5,2,0,0.0,0.0,0.0,0.0,0.0,0.0,0.0,1.0,0.0
379,3,4,4,3,30,2,3,5,4,1,0.0,0.0,0.0,1.0,0.0,0.0,0.0,0.0,0.0
380,3,2,3,3,5,2,4,5,2,0,0.0,0.0,0.0,0.0,0.0,0.0,0.0,1.0,0.0
381,3,1,2,3,1,3,3,1,0,0,0.0,0.0,0.0,0.0,0.0,0.0,0.0,0.0,1.0
382,3,1,1,4,7,2,3,6,4,0,0.0,0.0,0.0,0.0,0.0,0.0,1.0,0.0,0.0
383,3,1,2,3,2,1,3,2,1,1,0.0,0.0,0.0,0.0,0.0,0.0,1.0,0.0,0.0
384,2,3,3,3,10,2,3,10,9,9,0.0,0.0,0.0,0.0,0.0,0.0,0.0,1.0,0.0
385,3,1,4,4,3,4,3,1,0,0,0.0,0.0,0.0,0.0,0.0,0.0,1.0,0.0,0.0
386,3,1,1,3,18,2,2,18,7,12,0.0,0.0,1.0,0.0,0.0,0.0,0.0,0.0,0.0
387,3,2,2,3,8,5,3,5,4,1,0.0,0.0,0.0,0.0,0.0,0.0,0.0,1.0,0.0
388,3,1,1,3,8,5,3,5,2,1,0.0,0.0,1.0,0.0,0.0,0.0,0.0,0.0,0.0
389,3,2,2,3,18,2,2,1,0,0,0.0,0.0,0.0,0.0,1.0,0.0,0.0,0.0,0.0
390,2,4,2,3,25,3,3,25,10,3,0.0,0.0,0.0,0.0,0.0,1.0,0.0,0.0,0.0
391,2,2,3,4,20,3,3,1,0,0,0.0,0.0,1.0,0.0,0.0,0.0,0.0,0.0,0.0
392,3,5,1,3,24,4,2,4,2,1,0.0,0.0,0.0,0.0,0.0,1.0,0.0,0.0,0.0
393,3,2,3,3,6,3,3,3,2,1,0.0,0.0,0.0,0.0,0.0,0.0,0.0,1.0,0.0
394,3,2,1,3,13,5,1,13,10,3,0.0,0.0,0.0,0.0,1.0,0.0,0.0,0.0,0.0
395,3,1,4,4,8,1,3,3,2,1,0.0,0.0,1.0,0.0,0.0,0.0,0.0,0.0,0.0
396,3,2,3,3,8,3,3,5,2,0,1.0,0.0,0.0,0.0,0.0,0.0,0.0,0.0,0.0
397,2,2,4,3,5,3,3,5,4,1,0.0,0.0,0.0,0.0,0.0,0.0,0.0,1.0,0.0
398,3,2,3,3,15,2,3,13,11,10,0.0,0.0,0.0,0.0,0.0,0.0,1.0,0.0,0.0
399,2,1,1,3,4,3,3,4,2,3,0.0,0.0,1.0,0.0,0.0,0.0,0.0,0.0,0.0
400,3,5,3,3,21,3,3,21,8,1,0.0,0.0,0.0,1.0,0.0,0.0,0.0,0.0,0.0
401,4,4,1,3,36,0,2,7,7,7,0.0,0.0,0.0,0.0,0.0,0.0,0.0,1.0,0.0
402,3,2,3,3,6,6,3,5,4,4,0.0,0.0,0.0,0.0,0.0,0.0,0.0,1.0,0.0
403,4,3,1,3,10,2,3,10,7,0,0.0,0.0,0.0,0.0,0.0,0.0,0.0,1.0,0.0
404,3,2,1,3,10,2,3,10,0,1,0.0,0.0,1.0,0.0,0.0,0.0,0.0,0.0,0.0
405,3,1,1,3,6,5,3,2,2,0,0.0,0.0,1.0,0.0,0.0,0.0,0.0,0.0,0.0
406,2,3,3,3,28,4,3,5,4,0,0.0,0.0,0.0,0.0,1.0,0.0,0.0,0.0,0.0
407,3,1,4,4,8,3,2,2,2,0,0.0,0.0,0.0,0.0,0.0,0.0,1.0,0.0,0.0
408,3,4,4,3,31,2,1,5,2,1,0.0,0.0,0.0,1.0,0.0,0.0,0.0,0.0,0.0
409,3,2,3,3,19,3,3,5,4,0,0.0,0.0,0.0,0.0,0.0,0.0,1.0,0.0,0.0
410,1,2,4,4,11,2,3,5,4,0,0.0,0.0,0.0,0.0,1.0,0.0,0.0,0.0,0.0
411,3,5,1,3,33,5,1,29,8,11,0.0,0.0,0.0,1.0,0.0,0.0,0.0,0.0,0.0
412,3,2,3,3,19,5,2,10,7,0,0.0,0.0,0.0,0.0,1.0,0.0,0.0,0.0,0.0
413,2,2,4,3,7,4,4,6,5,0,1.0,0.0,0.0,0.0,0.0,0.0,0.0,0.0,0.0
414,3,1,2,3,6,4,3,5,3,1,0.0,0.0,0.0,0.0,0.0,0.0,0.0,0.0,1.0
415,1,1,3,3,3,3,2,2,2,1,0.0,0.0,0.0,0.0,0.0,0.0,0.0,0.0,1.0
416,3,1,4,4,1,3,3,1,0,0,0.0,0.0,1.0,0.0,0.0,0.0,0.0,0.0,0.0
417,3,5,3,3,21,2,3,20,15,1,0.0,0.0,0.0,1.0,0.0,0.0,0.0,0.0,0.0
418,3,1,4,4,3,3,1,3,2,0,0.0,0.0,0.0,0.0,0.0,0.0,1.0,0.0,0.0
419,3,1,4,3,9,3,1,5,3,1,0.0,0.0,1.0,0.0,0.0,0.0,0.0,0.0,0.0
420,2,3,3,3,10,2,3,10,2,0,0.0,0.0,0.0,0.0,0.0,1.0,0.0,0.0,0.0
421,2,1,2,3,6,2,4,2,2,1,0.0,0.0,0.0,0.0,0.0,0.0,1.0,0.0,0.0
422,2,1,4,3,1,3,4,1,0,0,0.0,1.0,0.0,0.0,0.0,0.0,0.0,0.0,0.0
423,3,3,1,3,10,3,3,9,8,7,0.0,0.0,0.0,0.0,0.0,0.0,0.0,1.0,0.0
424,2,4,4,3,32,3,2,1,0,0,0.0,0.0,0.0,1.0,0.0,0.0,0.0,0.0,0.0
425,2,4,3,3,28,2,3,27,10,15,0.0,0.0,0.0,1.0,0.0,0.0,0.0,0.0,0.0
426,3,1,4,3,12,2,2,11,7,6,0.0,0.0,1.0,0.0,0.0,0.0,0.0,0.0,0.0
427,2,3,1,3,22,5,4,18,13,13,0.0,0.0,0.0,0.0,0.0,0.0,0.0,1.0,0.0
428,3,2,4,3,20,2,3,5,0,0,0.0,0.0,0.0,0.0,1.0,0.0,0.0,0.0,0.0
429,3,4,3,3,26,2,1,3,2,0,0.0,0.0,0.0,0.0,0.0,1.0,0.0,0.0,0.0
430,1,1,3,3,6,2,3,5,4,4,0.0,0.0,1.0,0.0,0.0,0.0,0.0,0.0,0.0
431,3,2,3,3,19,3,3,1,0,0,0.0,0.0,1.0,0.0,0.0,0.0,0.0,0.0,0.0
432,2,1,3,3,14,3,3,7,3,5,0.0,0.0,0.0,0.0,0.0,0.0,1.0,0.0,0.0
433,2,3,4,3,15,3,3,3,2,1,0.0,0.0,0.0,0.0,0.0,0.0,0.0,1.0,0.0
434,3,3,2,4,13,6,4,13,8,0,0.0,0.0,0.0,0.0,1.0,0.0,0.0,0.0,0.0
435,3,3,3,3,15,2,4,7,6,7,0.0,0.0,0.0,1.0,0.0,0.0,0.0,0.0,0.0
436,1,1,4,3,8,2,3,4,3,1,0.0,0.0,1.0,0.0,0.0,0.0,0.0,0.0,0.0
437,3,1,2,3,4,3,3,3,2,1,0.0,0.0,0.0,0.0,0.0,0.0,0.0,0.0,1.0
438,3,3,3,3,10,2,3,8,7,0,1.0,0.0,0.0,0.0,0.0,0.0,0.0,0.0,0.0
439,3,3,3,3,12,2,3,1,0,0,1.0,0.0,0.0,0.0,0.0,0.0,0.0,0.0,0.0
440,3,3,1,3,11,2,3,3,2,0,0.0,1.0,0.0,0.0,0.0,0.0,0.0,0.0,0.0
441,3,1,3,3,8,4,3,2,2,2,0.0,0.0,1.0,0.0,0.0,0.0,0.0,0.0,0.0
442,3,3,4,3,10,3,2,10,3,9,0.0,0.0,0.0,0.0,0.0,0.0,0.0,1.0,0.0
443,2,1,3,3,4,3,3,2,2,1,0.0,0.0,1.0,0.0,0.0,0.0,0.0,0.0,0.0
444,3,2,4,3,14,2,3,9,7,6,0.0,0.0,0.0,0.0,0.0,0.0,0.0,1.0,0.0
445,3,4,2,4,37,2,3,10,9,7,0.0,0.0,0.0,1.0,0.0,0.0,0.0,0.0,0.0
446,3,2,4,3,16,3,3,14,3,1,0.0,0.0,0.0,0.0,0.0,0.0,0.0,1.0,0.0
447,3,2,3,3,15,2,3,11,9,6,0.0,0.0,0.0,0.0,0.0,0.0,0.0,1.0,0.0
448,3,4,3,3,22,3,3,20,6,5,0.0,0.0,0.0,0.0,1.0,0.0,0.0,0.0,0.0
449,3,1,3,3,8,3,3,8,3,0,0.0,0.0,1.0,0.0,0.0,0.0,0.0,0.0,0.0
450,3,2,4,3,10,2,4,6,5,0,0.0,0.0,0.0,0.0,0.0,0.0,0.0,1.0,0.0
451,3,3,1,4,10,5,2,10,9,5,0.0,0.0,0.0,0.0,1.0,0.0,0.0,0.0,0.0
452,3,2,2,3,9,3,4,8,7,3,0.0,0.0,0.0,0.0,0.0,0.0,0.0,1.0,0.0
453,3,1,3,3,8,2,2,7,7,1,0.0,1.0,0.0,0.0,0.0,0.0,0.0,0.0,0.0
454,3,2,4,3,8,2,4,3,2,1,0.0,0.0,0.0,0.0,1.0,0.0,0.0,0.0,0.0
455,4,4,3,3,10,2,3,6,1,0,0.0,0.0,0.0,0.0,0.0,1.0,0.0,0.0,0.0
456,2,3,4,4,10,3,2,5,4,0,0.0,0.0,0.0,1.0,0.0,0.0,0.0,0.0,0.0
457,3,1,2,3,0,3,3,0,0,0,0.0,0.0,0.0,0.0,0.0,0.0,0.0,0.0,1.0
458,1,3,1,3,20,2,3,1,0,0,0.0,0.0,0.0,0.0,0.0,0.0,0.0,1.0,0.0
459,2,2,3,3,10,3,3,8,7,0,1.0,0.0,0.0,0.0,0.0,0.0,0.0,0.0,0.0
460,3,2,3,3,8,5,3,0,0,0,0.0,0.0,0.0,0.0,0.0,0.0,0.0,1.0,0.0
461,3,2,3,3,5,3,3,5,4,0,0.0,0.0,0.0,0.0,0.0,0.0,0.0,1.0,0.0
462,4,2,4,3,10,3,3,10,7,5,0.0,0.0,0.0,0.0,0.0,0.0,0.0,1.0,0.0
463,1,1,4,3,1,3,1,1,0,0,0.0,0.0,1.0,0.0,0.0,0.0,0.0,0.0,0.0
464,3,3,4,3,12,3,4,6,5,1,0.0,0.0,0.0,0.0,1.0,0.0,0.0,0.0,0.0
465,3,3,3,3,28,3,2,2,2,1,1.0,0.0,0.0,0.0,0.0,0.0,0.0,0.0,0.0
466,3,4,1,3,22,2,3,18,16,11,0.0,0.0,0.0,1.0,0.0,0.0,0.0,0.0,0.0
467,3,3,2,3,9,6,3,9,5,7,0.0,0.0,0.0,0.0,0.0,0.0,0.0,1.0,0.0
468,3,2,1,3,18,3,3,10,9,6,0.0,0.0,0.0,0.0,0.0,0.0,1.0,0.0,0.0
469,4,2,3,3,6,2,3,4,2,1,0.0,0.0,0.0,0.0,0.0,0.0,0.0,1.0,0.0
470,3,1,4,3,3,3,3,2,2,2,0.0,0.0,0.0,0.0,0.0,0.0,0.0,0.0,1.0
471,3,2,3,3,18,4,3,1,0,0,1.0,0.0,0.0,0.0,0.0,0.0,0.0,0.0,0.0
472,3,2,2,3,8,2,2,6,5,4,0.0,0.0,0.0,0.0,1.0,0.0,0.0,0.0,0.0
473,2,5,3,3,31,5,3,31,9,0,0.0,0.0,0.0,0.0,0.0,1.0,0.0,0.0,0.0
474,4,1,4,3,6,3,3,6,5,1,0.0,0.0,0.0,0.0,0.0,0.0,1.0,0.0,0.0
475,3,2,2,4,6,5,4,5,3,1,0.0,0.0,0.0,0.0,0.0,0.0,0.0,1.0,0.0
476,2,1,2,4,1,2,3,1,0,0,0.0,0.0,1.0,0.0,0.0,0.0,0.0,0.0,0.0
477,3,5,2,3,32,2,3,32,5,10,0.0,0.0,0.0,1.0,0.0,0.0,0.0,0.0,0.0
478,3,1,3,3,7,1,3,7,4,0,0.0,0.0,0.0,0.0,0.0,0.0,0.0,0.0,1.0
479,3,1,3,3,6,4,3,6,3,1,0.0,0.0,1.0,0.0,0.0,0.0,0.0,0.0,0.0
480,2,1,1,3,1,2,4,1,0,0,0.0,0.0,0.0,0.0,0.0,0.0,0.0,0.0,1.0
481,2,1,4,3,6,3,3,6,5,1,0.0,0.0,0.0,0.0,0.0,0.0,1.0,0.0,0.0
482,3,2,1,3,9,2,1,3,1,1,0.0,0.0,0.0,0.0,0.0,0.0,0.0,1.0,0.0
483,2,2,4,3,9,3,3,3,2,0,0.0,0.0,1.0,0.0,0.0,0.0,0.0,0.0,0.0
484,4,2,4,4,13,4,4,7,7,5,0.0,0.0,0.0,0.0,0.0,0.0,0.0,1.0,0.0
485,2,1,3,3,6,5,2,5,3,0,0.0,0.0,0.0,0.0,0.0,0.0,1.0,0.0,0.0
486,3,2,3,3,17,3,2,3,0,1,0.0,0.0,0.0,0.0,0.0,0.0,0.0,1.0,0.0
487,2,1,2,3,1,0,4,1,0,0,0.0,0.0,0.0,0.0,0.0,0.0,1.0,0.0,0.0
488,3,2,4,3,10,4,3,10,2,2,1.0,0.0,0.0,0.0,0.0,0.0,0.0,0.0,0.0
489,2,4,4,3,21,3,2,1,0,0,0.0,0.0,0.0,0.0,0.0,1.0,0.0,0.0,0.0
490,3,1,1,3,8,3,2,0,0,0,0.0,0.0,0.0,0.0,0.0,0.0,1.0,0.0,0.0
491,3,2,3,3,10,3,3,8,7,4,0.0,0.0,1.0,0.0,0.0,0.0,0.0,0.0,0.0
492,2,4,1,3,21,3,1,3,2,0,0.0,0.0,0.0,1.0,0.0,0.0,0.0,0.0,0.0
493,2,2,3,3,10,1,4,2,2,0,0.0,1.0,0.0,0.0,0.0,0.0,0.0,0.0,0.0
494,3,1,3,3,8,3,3,8,2,0,0.0,0.0,0.0,0.0,0.0,0.0,0.0,0.0,1.0
495,3,1,1,3,5,3,3,4,3,0,0.0,0.0,0.0,0.0,0.0,0.0,0.0,0.0,1.0
496,3,1,3,3,3,2,3,3,2,1,0.0,0.0,0.0,0.0,0.0,0.0,0.0,0.0,1.0
497,3,5,4,3,26,2,4,2,2,0,0.0,0.0,0.0,1.0,0.0,0.0,0.0,0.0,0.0
498,3,1,3,4,3,3,3,2,2,2,0.0,0.0,0.0,0.0,0.0,0.0,1.0,0.0,0.0
499,3,2,3,3,6,3,3,5,0,1,0.0,0.0,0.0,0.0,0.0,0.0,0.0,1.0,0.0
500,3,2,4,3,6,2,2,6,4,0,0.0,0.0,0.0,0.0,0.0,0.0,1.0,0.0,0.0
501,3,1,3,4,1,2,3,1,0,0,0.0,0.0,0.0,0.0,0.0,0.0,1.0,0.0,0.0
502,3,2,1,4,18,2,4,14,7,8,0.0,0.0,0.0,0.0,0.0,0.0,0.0,1.0,0.0
503,3,1,4,3,10,4,2,10,9,8,0.0,0.0,0.0,0.0,0.0,0.0,1.0,0.0,0.0
504,3,2,1,3,5,4,3,1,1,0,0.0,0.0,0.0,0.0,0.0,0.0,0.0,1.0,0.0
505,3,1,4,3,3,2,3,3,2,0,0.0,0.0,1.0,0.0,0.0,0.0,0.0,0.0,0.0
506,3,3,3,3,10,2,3,10,7,7,0.0,0.0,0.0,0.0,1.0,0.0,0.0,0.0,0.0
507,3,2,3,3,6,5,2,6,0,1,0.0,0.0,0.0,0.0,0.0,0.0,0.0,1.0,0.0
508,1,2,4,3,17,3,3,17,11,11,0.0,0.0,0.0,0.0,0.0,0.0,1.0,0.0,0.0
509,3,2,4,4,15,2,1,13,11,4,1.0,0.0,0.0,0.0,0.0,0.0,0.0,0.0,0.0
510,3,3,2,3,16,1,4,9,7,7,0.0,1.0,0.0,0.0,0.0,0.0,0.0,0.0,0.0
511,2,2,2,3,13,2,3,3,2,0,0.0,0.0,0.0,0.0,1.0,0.0,0.0,0.0,0.0
512,2,1,4,3,5,0,3,4,2,1,0.0,0.0,0.0,0.0,0.0,0.0,1.0,0.0,0.0
513,3,1,3,3,1,5,3,1,0,1,0.0,0.0,0.0,0.0,0.0,0.0,1.0,0.0,0.0
514,3,1,1,3,10,3,3,10,8,9,0.0,0.0,0.0,0.0,0.0,0.0,1.0,0.0,0.0
515,2,1,3,3,1,3,3,1,0,0,0.0,0.0,1.0,0.0,0.0,0.0,0.0,0.0,0.0
516,4,1,1,3,5,3,4,3,2,0,0.0,0.0,0.0,0.0,0.0,0.0,1.0,0.0,0.0
517,4,2,2,4,4,4,3,3,2,1,0.0,0.0,0.0,0.0,0.0,0.0,0.0,1.0,0.0
518,2,2,4,4,8,2,3,7,7,0,0.0,0.0,0.0,0.0,0.0,0.0,0.0,1.0,0.0
519,1,1,4,3,10,5,3,10,7,2,0.0,0.0,0.0,0.0,0.0,0.0,1.0,0.0,0.0
520,4,2,2,3,12,3,3,2,2,2,0.0,0.0,0.0,0.0,0.0,0.0,0.0,1.0,0.0
521,4,2,4,4,6,3,3,6,5,0,0.0,0.0,0.0,0.0,0.0,0.0,0.0,1.0,0.0
522,4,1,4,3,4,2,3,1,0,0,0.0,0.0,0.0,0.0,0.0,0.0,1.0,0.0,0.0
523,4,1,3,3,20,3,3,20,8,3,0.0,0.0,1.0,0.0,0.0,0.0,0.0,0.0,0.0
524,2,3,2,3,9,3,4,8,7,7,1.0,0.0,0.0,0.0,0.0,0.0,0.0,0.0,0.0
525,3,2,3,3,4,3,3,2,2,2,0.0,0.0,0.0,0.0,0.0,0.0,0.0,1.0,0.0
526,2,2,3,3,20,4,3,20,7,11,1.0,0.0,0.0,0.0,0.0,0.0,0.0,0.0,0.0
527,3,2,4,3,10,2,2,10,7,0,0.0,0.0,0.0,0.0,0.0,0.0,0.0,1.0,0.0
528,3,2,3,3,18,4,3,4,3,1,0.0,0.0,0.0,0.0,0.0,0.0,0.0,1.0,0.0
529,4,2,4,3,10,4,2,9,7,1,1.0,0.0,0.0,0.0,0.0,0.0,0.0,0.0,0.0
530,3,3,1,3,9,3,3,9,7,0,0.0,0.0,0.0,0.0,1.0,0.0,0.0,0.0,0.0
531,3,3,4,3,10,6,3,7,7,7,0.0,0.0,0.0,0.0,0.0,1.0,0.0,0.0,0.0
532,3,2,1,3,20,2,3,7,7,1,0.0,0.0,0.0,0.0,0.0,0.0,0.0,1.0,0.0
533,2,3,1,4,20,2,3,18,13,1,0.0,0.0,0.0,0.0,0.0,0.0,0.0,1.0,0.0
534,4,4,3,3,32,3,3,5,1,1,0.0,0.0,0.0,0.0,0.0,1.0,0.0,0.0,0.0
535,2,5,4,3,23,2,2,21,6,12,0.0,0.0,0.0,1.0,0.0,0.0,0.0,0.0,0.0
536,3,2,1,3,10,1,3,2,2,2,0.0,0.0,0.0,0.0,0.0,0.0,0.0,1.0,0.0
537,3,3,1,4,9,4,2,9,7,1,0.0,0.0,0.0,0.0,1.0,0.0,0.0,0.0,0.0
538,2,5,3,3,22,3,3,22,7,2,0.0,0.0,0.0,1.0,0.0,0.0,0.0,0.0,0.0
539,3,1,2,3,4,2,3,2,2,2,0.0,0.0,0.0,0.0,0.0,0.0,0.0,0.0,1.0
540,1,1,2,3,10,4,3,7,7,3,0.0,0.0,0.0,0.0,0.0,0.0,1.0,0.0,0.0
541,4,3,1,3,10,2,3,8,7,0,0.0,0.0,0.0,0.0,0.0,1.0,0.0,0.0,0.0
542,3,3,3,3,10,4,4,1,0,0,0.0,0.0,0.0,0.0,1.0,0.0,0.0,0.0,0.0
543,1,1,3,3,9,5,3,5,2,1,0.0,0.0,1.0,0.0,0.0,0.0,0.0,0.0,0.0
544,3,4,3,3,28,2,2,22,2,11,0.0,0.0,0.0,0.0,0.0,0.0,0.0,1.0,0.0
545,3,2,4,4,10,2,2,8,7,7,0.0,0.0,0.0,0.0,0.0,0.0,0.0,1.0,0.0
546,3,1,3,3,1,6,3,1,0,0,0.0,0.0,0.0,0.0,0.0,0.0,0.0,0.0,1.0
547,4,1,3,3,7,2,3,2,2,2,0.0,0.0,0.0,0.0,0.0,0.0,1.0,0.0,0.0
548,2,2,4,3,7,5,3,2,2,2,0.0,0.0,0.0,0.0,0.0,0.0,0.0,1.0,0.0
549,3,2,3,3,10,2,3,5,1,4,1.0,0.0,0.0,0.0,0.0,0.0,0.0,0.0,0.0
550,3,1,1,3,5,2,4,4,3,0,0.0,0.0,1.0,0.0,0.0,0.0,0.0,0.0,0.0
551,4,2,2,3,12,3,1,8,3,3,0.0,1.0,0.0,0.0,0.0,0.0,0.0,0.0,0.0
552,3,4,4,3,30,1,2,10,7,1,1.0,0.0,0.0,0.0,0.0,0.0,0.0,0.0,0.0
553,2,1,4,4,5,2,2,4,2,2,0.0,0.0,0.0,0.0,0.0,0.0,1.0,0.0,0.0
554,2,2,1,3,9,2,1,7,6,0,1.0,0.0,0.0,0.0,0.0,0.0,0.0,0.0,0.0
555,3,1,2,3,2,2,3,2,2,2,0.0,0.0,0.0,0.0,0.0,0.0,0.0,0.0,1.0
556,3,2,4,3,19,4,3,2,2,2,0.0,0.0,1.0,0.0,0.0,0.0,0.0,0.0,0.0
557,3,2,1,3,16,2,4,1,0,0,1.0,0.0,0.0,0.0,0.0,0.0,0.0,0.0,0.0
558,3,2,4,3,10,2,3,10,8,4,0.0,0.0,1.0,0.0,0.0,0.0,0.0,0.0,0.0
559,3,1,3,3,6,0,1,1,0,0,0.0,0.0,0.0,0.0,0.0,0.0,1.0,0.0,0.0
560,3,2,1,3,7,3,3,0,0,0,0.0,0.0,0.0,0.0,1.0,0.0,0.0,0.0,0.0
561,2,4,1,3,34,3,4,34,6,1,0.0,0.0,0.0,1.0,0.0,0.0,0.0,0.0,0.0
562,3,1,4,3,10,2,2,10,9,7,0.0,0.0,0.0,0.0,0.0,0.0,1.0,0.0,0.0
563,3,2,4,4,6,5,2,6,5,1,0.0,0.0,0.0,0.0,0.0,0.0,0.0,1.0,0.0
564,1,2,3,3,9,3,3,8,7,3,0.0,0.0,0.0,0.0,0.0,0.0,0.0,0.0,1.0
565,4,1,3,3,2,3,3,2,2,0,0.0,0.0,0.0,0.0,0.0,0.0,1.0,0.0,0.0
566,4,2,3,3,8,2,3,5,4,1,0.0,0.0,0.0,0.0,0.0,0.0,0.0,1.0,0.0
567,3,2,4,4,6,5,3,6,5,1,0.0,0.0,0.0,0.0,0.0,0.0,0.0,1.0,0.0
568,3,5,1,3,24,2,3,5,2,1,0.0,0.0,0.0,1.0,0.0,0.0,0.0,0.0,0.0
569,2,3,1,3,10,1,3,10,7,0,0.0,0.0,0.0,0.0,0.0,0.0,0.0,1.0,0.0
570,3,1,4,3,5,3,3,4,3,1,0.0,0.0,0.0,0.0,0.0,0.0,1.0,0.0,0.0
571,1,1,4,3,5,2,3,2,2,2,0.0,0.0,1.0,0.0,0.0,0.0,0.0,0.0,0.0
572,3,2,3,3,11,3,2,8,7,1,1.0,0.0,0.0,0.0,0.0,0.0,0.0,0.0,0.0
573,2,2,1,3,6,2,2,4,3,1,0.0,0.0,0.0,0.0,0.0,0.0,0.0,1.0,0.0
574,4,1,4,3,10,2,3,4,2,1,0.0,0.0,0.0,0.0,0.0,0.0,1.0,0.0,0.0
575,3,2,1,3,9,4,3,5,3,1,0.0,0.0,0.0,0.0,1.0,0.0,0.0,0.0,0.0
576,3,2,4,3,5,3,3,4,2,1,0.0,0.0,0.0,0.0,0.0,0.0,0.0,1.0,0.0
577,3,1,1,3,6,3,2,5,3,4,0.0,0.0,0.0,0.0,0.0,0.0,1.0,0.0,0.0
578,4,2,1,3,17,2,3,15,7,4,0.0,0.0,0.0,0.0,1.0,0.0,0.0,0.0,0.0
579,2,1,1,3,6,3,3,6,5,1,0.0,0.0,0.0,0.0,0.0,0.0,1.0,0.0,0.0
580,3,1,4,3,3,1,2,3,2,0,0.0,0.0,0.0,0.0,0.0,0.0,0.0,0.0,1.0
581,1,1,3,4,7,2,3,2,2,0,0.0,0.0,1.0,0.0,0.0,0.0,0.0,0.0,0.0
582,4,2,2,4,8,2,3,8,7,3,1.0,0.0,0.0,0.0,0.0,0.0,0.0,0.0,0.0
583,3,2,1,3,6,1,3,3,2,1,0.0,0.0,0.0,0.0,0.0,0.0,0.0,1.0,0.0
584,3,5,4,3,24,4,2,24,7,14,0.0,0.0,0.0,1.0,0.0,0.0,0.0,0.0,0.0
585,4,1,1,4,1,2,3,0,0,0,0.0,0.0,1.0,0.0,0.0,0.0,0.0,0.0,0.0
586,2,1,2,3,1,4,3,1,0,0,0.0,0.0,1.0,0.0,0.0,0.0,0.0,0.0,0.0
587,3,2,3,4,9,3,3,5,2,1,0.0,0.0,1.0,0.0,0.0,0.0,0.0,0.0,0.0
588,3,4,3,3,30,3,3,4,3,0,0.0,0.0,0.0,0.0,0.0,1.0,0.0,0.0,0.0
589,2,1,1,3,1,1,3,1,0,0,0.0,0.0,1.0,0.0,0.0,0.0,0.0,0.0,0.0
590,3,3,3,3,14,3,4,13,9,3,0.0,0.0,0.0,0.0,0.0,1.0,0.0,0.0,0.0
591,3,2,1,3,6,3,3,3,2,0,0.0,0.0,0.0,0.0,0.0,0.0,0.0,1.0,0.0
592,3,4,4,3,26,3,2,26,14,3,0.0,0.0,0.0,1.0,0.0,0.0,0.0,0.0,0.0
593,3,2,2,3,10,2,3,9,7,0,0.0,0.0,0.0,0.0,1.0,0.0,0.0,0.0,0.0
594,4,1,3,4,10,3,3,10,7,0,0.0,0.0,0.0,0.0,0.0,0.0,1.0,0.0,0.0
595,3,5,2,3,40,2,3,31,15,13,0.0,0.0,0.0,0.0,0.0,1.0,0.0,0.0,0.0
596,4,1,3,3,7,0,3,2,2,2,0.0,0.0,0.0,0.0,0.0,0.0,1.0,0.0,0.0
597,2,2,4,3,8,4,3,4,3,0,0.0,0.0,0.0,0.0,1.0,0.0,0.0,0.0,0.0
598,3,1,3,3,5,3,2,2,2,2,0.0,0.0,0.0,0.0,0.0,0.0,1.0,0.0,0.0
599,3,1,2,3,8,2,3,5,2,0,0.0,1.0,0.0,0.0,0.0,0.0,0.0,0.0,0.0
600,2,2,3,3,14,3,3,14,13,6,0.0,0.0,0.0,0.0,1.0,0.0,0.0,0.0,0.0
601,2,2,3,3,10,6,3,1,0,0,0.0,0.0,1.0,0.0,0.0,0.0,0.0,0.0,0.0
602,2,2,4,4,12,4,2,0,0,0,0.0,0.0,0.0,0.0,1.0,0.0,0.0,0.0,0.0
603,2,1,3,3,1,3,3,1,0,0,0.0,0.0,0.0,0.0,0.0,0.0,1.0,0.0,0.0
604,3,2,2,3,10,3,2,9,8,7,0.0,0.0,0.0,0.0,1.0,0.0,0.0,0.0,0.0
605,2,2,1,3,13,3,2,4,3,1,1.0,0.0,0.0,0.0,0.0,0.0,0.0,0.0,0.0
606,2,1,4,3,6,3,3,5,2,1,0.0,0.0,0.0,0.0,0.0,0.0,1.0,0.0,0.0
607,3,3,4,3,9,3,4,9,8,7,0.0,0.0,0.0,0.0,0.0,0.0,0.0,1.0,0.0
608,3,2,4,3,12,3,2,9,7,7,0.0,0.0,0.0,0.0,0.0,0.0,0.0,1.0,0.0
609,3,4,1,4,22,3,3,4,1,1,0.0,0.0,0.0,0.0,0.0,1.0,0.0,0.0,0.0
610,2,3,4,3,9,3,3,9,8,0,0.0,0.0,0.0,0.0,0.0,1.0,0.0,0.0,0.0
611,3,3,3,4,17,3,4,8,5,1,0.0,0.0,0.0,0.0,1.0,0.0,0.0,0.0,0.0
612,3,2,2,4,8,2,3,8,7,7,0.0,0.0,0.0,0.0,0.0,0.0,0.0,1.0,0.0
613,3,1,4,3,4,1,1,3,2,0,0.0,1.0,0.0,0.0,0.0,0.0,0.0,0.0,0.0
614,2,1,3,3,8,2,3,8,7,1,0.0,0.0,0.0,0.0,0.0,0.0,1.0,0.0,0.0
615,3,1,4,3,0,6,2,0,0,0,0.0,0.0,0.0,0.0,0.0,0.0,1.0,0.0,0.0
616,3,4,3,3,29,2,2,20,6,4,0.0,0.0,0.0,1.0,0.0,0.0,0.0,0.0,0.0
617,3,2,2,3,10,2,2,5,2,2,1.0,0.0,0.0,0.0,0.0,0.0,0.0,0.0,0.0
618,4,1,1,3,6,3,2,4,3,0,0.0,0.0,0.0,0.0,0.0,0.0,1.0,0.0,0.0
619,4,2,1,4,9,5,3,9,8,0,0.0,0.0,0.0,0.0,0.0,0.0,0.0,1.0,0.0
620,2,1,1,3,6,3,2,6,5,1,0.0,0.0,0.0,0.0,0.0,0.0,1.0,0.0,0.0
621,3,2,4,3,18,1,2,18,14,4,0.0,0.0,0.0,0.0,0.0,0.0,0.0,1.0,0.0
622,3,2,4,3,8,3,2,5,2,0,0.0,0.0,0.0,0.0,0.0,0.0,0.0,1.0,0.0
623,2,1,4,3,10,3,2,5,4,0,0.0,0.0,0.0,0.0,0.0,0.0,1.0,0.0,0.0
624,2,3,4,3,35,3,3,5,2,0,0.0,0.0,0.0,0.0,0.0,0.0,0.0,1.0,0.0
625,3,3,1,3,18,2,3,5,4,0,0.0,0.0,0.0,0.0,0.0,0.0,0.0,1.0,0.0
626,4,2,3,3,9,3,2,5,3,1,0.0,0.0,0.0,0.0,0.0,0.0,1.0,0.0,0.0
627,2,4,4,4,31,3,3,9,8,0,0.0,0.0,0.0,0.0,1.0,0.0,0.0,0.0,0.0
628,2,2,3,3,9,2,3,1,0,0,0.0,0.0,0.0,0.0,0.0,0.0,0.0,1.0,0.0
629,2,1,4,3,6,6,3,5,1,0,0.0,1.0,0.0,0.0,0.0,0.0,0.0,0.0,0.0
630,2,2,4,4,4,2,1,2,2,2,0.0,0.0,0.0,0.0,1.0,0.0,0.0,0.0,0.0
631,4,1,4,4,10,2,2,3,2,0,0.0,0.0,1.0,0.0,0.0,0.0,0.0,0.0,0.0
632,3,1,4,3,8,2,3,2,1,2,0.0,0.0,0.0,0.0,0.0,0.0,1.0,0.0,0.0
633,2,1,1,4,6,3,3,5,4,0,0.0,1.0,0.0,0.0,0.0,0.0,0.0,0.0,0.0
634,3,2,1,3,5,3,3,5,3,0,0.0,0.0,0.0,0.0,0.0,0.0,0.0,1.0,0.0
635,2,3,3,4,17,2,3,17,14,5,0.0,0.0,0.0,0.0,1.0,0.0,0.0,0.0,0.0
636,3,1,2,3,10,3,2,10,2,7,0.0,0.0,0.0,0.0,0.0,0.0,1.0,0.0,0.0
637,3,1,4,3,4,2,3,3,0,0,0.0,0.0,1.0,0.0,0.0,0.0,0.0,0.0,0.0
638,2,2,1,3,5,1,4,5,2,0,0.0,0.0,0.0,0.0,0.0,0.0,0.0,1.0,0.0
639,3,1,1,3,7,2,3,4,2,0,0.0,0.0,0.0,0.0,0.0,0.0,1.0,0.0,0.0
640,2,1,4,3,6,2,2,5,2,3,0.0,0.0,1.0,0.0,0.0,0.0,0.0,0.0,0.0
641,3,2,2,3,10,3,3,10,8,5,0.0,0.0,0.0,0.0,0.0,0.0,0.0,1.0,0.0
642,2,1,2,3,3,3,3,2,2,1,0.0,0.0,0.0,0.0,0.0,0.0,0.0,0.0,1.0
643,4,2,4,3,17,1,2,5,3,1,0.0,0.0,1.0,0.0,0.0,0.0,0.0,0.0,0.0
644,3,1,4,3,8,2,3,6,4,0,0.0,0.0,0.0,0.0,0.0,0.0,1.0,0.0,0.0
645,2,1,3,3,5,3,3,3,2,0,0.0,0.0,0.0,0.0,0.0,0.0,0.0,0.0,1.0
646,3,4,4,3,28,3,3,2,0,2,0.0,0.0,0.0,0.0,0.0,0.0,0.0,1.0,0.0
647,2,3,2,3,16,2,3,13,10,4,0.0,0.0,0.0,0.0,1.0,0.0,0.0,0.0,0.0
648,3,1,4,3,10,3,3,5,4,0,0.0,0.0,0.0,0.0,0.0,0.0,0.0,0.0,1.0
649,3,4,4,3,33,0,3,12,9,3,0.0,0.0,0.0,0.0,0.0,1.0,0.0,0.0,0.0
650,3,2,4,3,12,2,2,5,2,2,1.0,0.0,0.0,0.0,0.0,0.0,0.0,0.0,0.0
651,3,2,4,4,8,2,3,7,6,7,0.0,0.0,0.0,0.0,0.0,0.0,0.0,1.0,0.0
652,3,3,2,3,10,2,3,10,0,0,0.0,0.0,0.0,0.0,0.0,0.0,0.0,1.0,0.0
653,3,4,1,3,31,3,3,31,6,14,0.0,0.0,0.0,1.0,0.0,0.0,0.0,0.0,0.0
654,2,2,4,3,13,2,3,5,4,0,0.0,1.0,0.0,0.0,0.0,0.0,0.0,0.0,0.0
655,3,1,2,3,7,4,4,4,3,0,0.0,1.0,0.0,0.0,0.0,0.0,0.0,0.0,0.0
656,3,1,4,4,1,2,1,1,0,0,0.0,0.0,1.0,0.0,0.0,0.0,0.0,0.0,0.0
657,2,1,4,3,8,5,3,4,3,0,0.0,0.0,1.0,0.0,0.0,0.0,0.0,0.0,0.0
658,3,1,1,3,8,0,3,8,7,7,0.0,0.0,0.0,0.0,0.0,0.0,1.0,0.0,0.0
659,3,2,4,3,4,3,3,4,2,0,0.0,0.0,0.0,0.0,0.0,0.0,0.0,1.0,0.0
660,2,1,4,3,3,3,2,1,0,0,0.0,0.0,1.0,0.0,0.0,0.0,0.0,0.0,0.0
661,3,2,2,4,4,2,4,1,0,0,0.0,0.0,0.0,0.0,1.0,0.0,0.0,0.0,0.0
662,2,1,3,3,2,3,2,2,2,0,0.0,0.0,0.0,0.0,0.0,0.0,0.0,0.0,1.0
663,3,1,4,3,1,3,2,1,0,0,0.0,0.0,0.0,0.0,0.0,0.0,1.0,0.0,0.0
664,3,2,4,3,17,2,2,16,8,4,1.0,0.0,0.0,0.0,0.0,0.0,0.0,0.0,0.0
665,2,1,4,3,3,3,2,3,2,1,0.0,0.0,0.0,0.0,0.0,0.0,0.0,0.0,1.0
666,3,2,3,3,4,3,4,3,2,0,0.0,0.0,0.0,0.0,1.0,0.0,0.0,0.0,0.0
667,1,1,4,3,10,1,2,7,7,1,0.0,0.0,1.0,0.0,0.0,0.0,0.0,0.0,0.0
668,3,1,3,3,6,2,3,2,2,2,0.0,0.0,0.0,0.0,0.0,0.0,1.0,0.0,0.0
669,3,1,1,4,8,2,1,2,2,2,0.0,0.0,1.0,0.0,0.0,0.0,0.0,0.0,0.0
670,3,1,3,3,1,2,3,1,1,0,0.0,0.0,0.0,0.0,0.0,0.0,1.0,0.0,0.0
671,3,1,2,3,1,3,3,1,0,1,0.0,0.0,1.0,0.0,0.0,0.0,0.0,0.0,0.0
672,2,2,3,3,10,6,3,5,4,0,0.0,0.0,0.0,0.0,0.0,0.0,0.0,1.0,0.0
673,2,1,1,3,6,1,3,3,2,0,0.0,0.0,0.0,0.0,0.0,0.0,1.0,0.0,0.0
674,2,3,2,3,24,3,3,6,0,0,1.0,0.0,0.0,0.0,0.0,0.0,0.0,0.0,0.0
675,2,1,3,3,13,2,4,7,7,5,0.0,0.0,0.0,0.0,0.0,0.0,0.0,0.0,1.0
676,3,2,4,4,10,2,1,10,6,0,1.0,0.0,0.0,0.0,0.0,0.0,0.0,0.0,0.0
677,3,3,2,3,29,3,2,26,9,1,0.0,0.0,1.0,0.0,0.0,0.0,0.0,0.0,0.0
678,3,1,3,3,13,2,2,0,0,0,0.0,0.0,0.0,0.0,0.0,0.0,1.0,0.0,0.0
679,3,2,3,3,9,2,2,9,8,0,0.0,0.0,0.0,0.0,0.0,0.0,0.0,1.0,0.0
680,3,1,4,3,8,6,3,6,2,0,0.0,0.0,0.0,0.0,0.0,0.0,1.0,0.0,0.0
681,3,3,1,3,15,3,3,15,12,5,0.0,0.0,0.0,0.0,0.0,1.0,0.0,0.0,0.0
682,2,1,2,4,5,3,3,3,0,0,0.0,0.0,1.0,0.0,0.0,0.0,0.0,0.0,0.0
683,2,1,2,3,1,2,3,1,0,0,0.0,0.0,0.0,0.0,0.0,0.0,0.0,0.0,1.0
684,2,3,2,3,11,2,2,1,0,0,0.0,0.0,0.0,0.0,0.0,0.0,0.0,1.0,0.0
685,2,2,1,3,7,2,3,7,7,0,0.0,0.0,0.0,0.0,0.0,0.0,0.0,1.0,0.0
686,3,1,1,3,20,3,3,18,13,2,0.0,0.0,1.0,0.0,0.0,0.0,0.0,0.0,0.0
687,3,1,3,4,16,6,3,11,8,3,0.0,0.0,1.0,0.0,0.0,0.0,0.0,0.0,0.0
688,2,1,2,3,1,3,4,1,0,0,0.0,0.0,0.0,0.0,0.0,0.0,0.0,0.0,1.0
689,3,1,1,3,1,2,3,1,0,0,0.0,0.0,1.0,0.0,0.0,0.0,0.0,0.0,0.0
690,3,2,4,3,10,2,1,9,7,8,1.0,0.0,0.0,0.0,0.0,0.0,0.0,0.0,0.0
691,3,1,2,3,3,2,3,1,1,0,0.0,0.0,0.0,0.0,0.0,0.0,1.0,0.0,0.0
692,3,2,1,3,8,2,4,8,7,6,0.0,0.0,0.0,0.0,1.0,0.0,0.0,0.0,0.0
693,2,3,4,3,16,6,3,16,7,3,0.0,0.0,0.0,0.0,0.0,0.0,0.0,1.0,0.0
694,2,2,4,3,6,3,3,5,0,1,1.0,0.0,0.0,0.0,0.0,0.0,0.0,0.0,0.0
695,2,3,3,3,17,2,1,14,1,11,0.0,0.0,0.0,0.0,0.0,0.0,0.0,1.0,0.0
696,3,2,2,3,9,5,2,9,7,0,0.0,0.0,1.0,0.0,0.0,0.0,0.0,0.0,0.0
697,3,1,4,3,3,5,3,3,1,0,0.0,0.0,0.0,0.0,0.0,0.0,0.0,0.0,1.0
698,3,2,3,3,5,3,3,5,2,1,0.0,0.0,0.0,0.0,0.0,0.0,0.0,1.0,0.0
699,3,4,4,3,26,2,2,9,8,7,0.0,0.0,0.0,1.0,0.0,0.0,0.0,0.0,0.0
700,3,1,3,4,7,4,3,1,0,0,0.0,0.0,0.0,0.0,0.0,0.0,1.0,0.0,0.0
701,3,4,3,3,22,3,4,17,13,15,0.0,0.0,0.0,1.0,0.0,0.0,0.0,0.0,0.0
702,3,3,3,3,10,2,4,8,4,7,0.0,0.0,0.0,0.0,0.0,0.0,0.0,1.0,0.0
703,3,2,4,3,6,1,3,5,3,1,0.0,0.0,0.0,0.0,0.0,0.0,0.0,1.0,0.0
704,3,3,4,3,12,2,3,10,9,0,0.0,0.0,0.0,0.0,0.0,0.0,0.0,1.0,0.0
705,4,3,3,3,9,3,3,8,7,0,0.0,0.0,0.0,0.0,0.0,0.0,0.0,1.0,0.0
706,4,4,2,3,22,2,2,1,0,0,0.0,0.0,0.0,0.0,0.0,0.0,0.0,1.0,0.0
707,4,2,3,3,20,3,4,19,10,2,0.0,0.0,0.0,0.0,1.0,0.0,0.0,0.0,0.0
708,3,2,4,3,12,3,3,7,7,0,0.0,0.0,0.0,0.0,0.0,0.0,0.0,1.0,0.0
709,2,1,1,4,4,0,3,3,2,1,0.0,0.0,0.0,0.0,0.0,0.0,1.0,0.0,0.0
710,3,4,3,3,10,2,3,10,8,6,0.0,0.0,0.0,1.0,0.0,0.0,0.0,0.0,0.0
711,2,1,1,4,3,5,3,0,0,0,0.0,0.0,0.0,0.0,0.0,0.0,1.0,0.0,0.0
712,3,1,4,3,5,4,3,3,2,0,0.0,0.0,0.0,0.0,0.0,0.0,1.0,0.0,0.0
713,3,1,4,3,8,2,3,5,3,0,0.0,0.0,1.0,0.0,0.0,0.0,0.0,0.0,0.0
714,3,4,4,4,32,1,2,5,4,1,0.0,0.0,0.0,0.0,0.0,1.0,0.0,0.0,0.0
715,4,2,2,3,6,2,3,6,5,1,1.0,0.0,0.0,0.0,0.0,0.0,0.0,0.0,0.0
716,3,5,3,3,21,2,4,18,16,0,0.0,0.0,0.0,0.0,0.0,1.0,0.0,0.0,0.0
717,3,1,2,3,4,2,3,2,2,2,0.0,0.0,1.0,0.0,0.0,0.0,0.0,0.0,0.0
718,3,2,1,3,9,2,3,9,8,0,0.0,0.0,1.0,0.0,0.0,0.0,0.0,0.0,0.0
719,3,2,4,3,9,0,3,9,0,0,0.0,0.0,0.0,0.0,0.0,0.0,0.0,1.0,0.0
720,3,1,3,3,7,2,3,5,2,0,0.0,0.0,0.0,0.0,0.0,0.0,1.0,0.0,0.0
721,3,4,3,3,22,2,3,12,11,1,0.0,0.0,0.0,0.0,1.0,0.0,0.0,0.0,0.0
722,3,1,3,3,3,0,2,2,1,0,0.0,0.0,0.0,0.0,0.0,0.0,1.0,0.0,0.0
723,3,3,3,3,13,3,3,8,7,0,0.0,0.0,0.0,0.0,1.0,0.0,0.0,0.0,0.0
724,2,2,3,3,5,6,3,4,2,3,0.0,0.0,0.0,0.0,1.0,0.0,0.0,0.0,0.0
725,2,1,2,4,5,2,1,4,2,0,0.0,0.0,1.0,0.0,0.0,0.0,0.0,0.0,0.0
726,3,2,1,3,4,1,3,4,3,0,0.0,0.0,0.0,0.0,1.0,0.0,0.0,0.0,0.0
727,3,1,4,3,0,2,3,0,0,0,0.0,0.0,0.0,0.0,0.0,0.0,1.0,0.0,0.0
728,3,3,3,3,22,2,3,10,7,0,0.0,0.0,0.0,0.0,1.0,0.0,0.0,0.0,0.0
729,3,3,3,3,16,3,2,16,10,10,1.0,0.0,0.0,0.0,0.0,0.0,0.0,0.0,0.0
730,4,3,1,3,9,4,2,8,7,1,0.0,0.0,0.0,0.0,0.0,1.0,0.0,0.0,0.0
731,2,1,1,3,1,2,3,1,0,0,0.0,0.0,0.0,0.0,0.0,0.0,1.0,0.0,0.0
732,3,1,2,3,4,3,3,3,2,1,0.0,0.0,1.0,0.0,0.0,0.0,0.0,0.0,0.0
733,4,2,4,3,8,2,3,8,7,1,0.0,0.0,0.0,0.0,1.0,0.0,0.0,0.0,0.0
734,1,1,1,3,4,3,2,4,3,1,0.0,0.0,1.0,0.0,0.0,0.0,0.0,0.0,0.0
735,2,2,3,3,19,0,3,2,2,2,1.0,0.0,0.0,0.0,0.0,0.0,0.0,0.0,0.0
736,2,3,3,3,27,3,3,15,11,4,1.0,0.0,0.0,0.0,0.0,0.0,0.0,0.0,0.0
737,3,2,3,3,8,6,3,2,2,2,0.0,0.0,0.0,0.0,1.0,0.0,0.0,0.0,0.0
738,2,4,4,3,21,3,3,21,6,11,0.0,0.0,0.0,0.0,1.0,0.0,0.0,0.0,0.0
739,3,2,4,3,4,2,3,3,2,2,0.0,0.0,0.0,0.0,1.0,0.0,0.0,0.0,0.0
740,3,1,4,4,3,4,2,3,2,1,0.0,0.0,1.0,0.0,0.0,0.0,0.0,0.0,0.0
741,3,5,3,3,21,3,4,1,0,0,0.0,0.0,0.0,1.0,0.0,0.0,0.0,0.0,0.0
742,3,1,4,3,8,5,3,1,0,0,0.0,0.0,1.0,0.0,0.0,0.0,0.0,0.0,0.0
743,2,4,4,3,30,4,3,5,3,4,0.0,0.0,0.0,0.0,1.0,0.0,0.0,0.0,0.0
744,1,2,2,3,15,2,1,1,0,0,1.0,0.0,0.0,0.0,0.0,0.0,0.0,0.0,0.0
745,3,2,2,3,17,3,3,8,7,6,1.0,0.0,0.0,0.0,0.0,0.0,0.0,0.0,0.0
746,1,5,3,4,21,3,3,21,16,5,0.0,0.0,0.0,0.0,0.0,1.0,0.0,0.0,0.0
747,3,2,4,3,19,1,3,1,0,0,0.0,0.0,0.0,0.0,0.0,0.0,0.0,1.0,0.0
748,1,2,1,3,7,6,3,2,2,2,0.0,0.0,0.0,0.0,0.0,0.0,0.0,1.0,0.0
749,1,5,4,3,33,3,3,32,14,6,0.0,0.0,0.0,1.0,0.0,0.0,0.0,0.0,0.0
750,4,4,4,3,23,2,3,12,11,11,0.0,0.0,0.0,0.0,0.0,0.0,0.0,1.0,0.0
751,3,2,3,3,19,3,3,18,7,0,0.0,0.0,0.0,0.0,0.0,0.0,0.0,1.0,0.0
752,4,1,1,3,18,1,3,17,13,15,0.0,0.0,1.0,0.0,0.0,0.0,0.0,0.0,0.0
753,3,3,1,3,21,2,3,21,6,2,0.0,0.0,0.0,0.0,1.0,0.0,0.0,0.0,0.0
754,2,1,4,3,3,2,2,2,2,2,0.0,0.0,0.0,0.0,0.0,0.0,0.0,0.0,1.0
755,3,4,4,3,26,4,4,9,3,1,0.0,0.0,0.0,1.0,0.0,0.0,0.0,0.0,0.0
756,3,1,3,3,10,2,3,8,7,7,0.0,0.0,1.0,0.0,0.0,0.0,0.0,0.0,0.0
757,4,2,4,3,16,2,2,15,1,0,0.0,0.0,0.0,0.0,0.0,0.0,0.0,1.0,0.0
758,3,3,4,3,14,1,1,6,4,0,0.0,0.0,0.0,1.0,0.0,0.0,0.0,0.0,0.0
759,3,1,2,3,6,3,3,6,3,0,0.0,1.0,0.0,0.0,0.0,0.0,0.0,0.0,0.0
760,2,3,2,3,30,2,3,15,7,6,0.0,0.0,0.0,0.0,0.0,0.0,0.0,1.0,0.0
761,3,2,3,3,9,3,2,1,0,0,0.0,0.0,1.0,0.0,0.0,0.0,0.0,0.0,0.0
762,3,1,1,3,6,2,3,3,2,1,0.0,0.0,0.0,0.0,0.0,0.0,1.0,0.0,0.0
763,3,1,3,3,1,2,3,1,1,0,0.0,0.0,0.0,0.0,0.0,0.0,0.0,0.0,1.0
764,3,1,2,4,1,5,3,1,0,0,0.0,0.0,0.0,0.0,0.0,0.0,0.0,0.0,1.0
765,3,1,3,3,8,2,3,2,2,2,0.0,0.0,0.0,0.0,0.0,0.0,1.0,0.0,0.0
766,3,5,3,3,29,2,2,8,1,7,0.0,0.0,0.0,0.0,0.0,1.0,0.0,0.0,0.0
767,3,2,2,3,8,3,2,4,3,0,1.0,0.0,0.0,0.0,0.0,0.0,0.0,0.0,0.0
768,3,2,1,3,8,3,2,7,7,7,0.0,0.0,0.0,0.0,0.0,0.0,0.0,1.0,0.0
769,2,1,3,3,5,5,3,5,3,1,0.0,0.0,0.0,0.0,0.0,0.0,1.0,0.0,0.0
770,3,5,4,3,23,0,3,2,2,2,0.0,0.0,0.0,0.0,0.0,1.0,0.0,0.0,0.0
771,2,3,3,3,13,4,3,9,4,7,0.0,0.0,0.0,0.0,0.0,0.0,0.0,1.0,0.0
772,3,1,3,3,18,4,3,5,4,0,0.0,0.0,0.0,0.0,0.0,0.0,1.0,0.0,0.0
773,2,3,4,3,15,2,2,14,8,7,0.0,0.0,0.0,0.0,1.0,0.0,0.0,0.0,0.0
774,2,4,1,3,31,3,4,9,7,6,0.0,0.0,0.0,1.0,0.0,0.0,0.0,0.0,0.0
775,2,3,4,3,18,5,3,1,0,0,0.0,0.0,0.0,0.0,0.0,0.0,0.0,1.0,0.0
776,3,1,4,3,2,3,3,2,2,0,0.0,0.0,0.0,0.0,0.0,0.0,0.0,0.0,1.0
777,2,1,1,3,1,6,2,1,0,1,0.0,0.0,1.0,0.0,0.0,0.0,0.0,0.0,0.0
778,2,2,1,4,19,2,3,16,13,1,0.0,0.0,0.0,0.0,0.0,0.0,1.0,0.0,0.0
779,3,1,3,3,18,2,4,10,0,2,0.0,0.0,0.0,0.0,0.0,0.0,1.0,0.0,0.0
780,2,3,1,3,10,2,2,10,7,1,1.0,0.0,0.0,0.0,0.0,0.0,0.0,0.0,0.0
781,2,1,1,3,6,2,3,5,3,1,0.0,0.0,1.0,0.0,0.0,0.0,0.0,0.0,0.0
782,3,2,1,3,7,1,2,6,2,0,0.0,0.0,0.0,0.0,1.0,0.0,0.0,0.0,0.0
783,4,1,3,3,10,3,3,10,6,0,0.0,0.0,0.0,0.0,0.0,0.0,1.0,0.0,0.0
784,2,3,3,3,20,4,2,19,9,1,1.0,0.0,0.0,0.0,0.0,0.0,0.0,0.0,0.0
785,3,3,4,4,14,6,3,11,10,11,1.0,0.0,0.0,0.0,0.0,0.0,0.0,0.0,0.0
786,1,1,3,3,3,4,3,3,2,1,0.0,0.0,1.0,0.0,0.0,0.0,0.0,0.0,0.0
787,3,3,2,3,23,4,3,3,2,1,0.0,0.0,0.0,0.0,1.0,0.0,0.0,0.0,0.0
788,3,2,3,3,10,4,4,8,7,1,0.0,0.0,0.0,0.0,0.0,0.0,1.0,0.0,0.0
789,2,3,1,3,24,1,3,20,6,3,0.0,1.0,0.0,0.0,0.0,0.0,0.0,0.0,0.0
790,2,3,4,3,9,2,3,3,2,1,1.0,0.0,0.0,0.0,0.0,0.0,0.0,0.0,0.0
791,3,3,1,4,9,2,3,8,7,4,0.0,0.0,0.0,0.0,0.0,0.0,0.0,1.0,0.0
792,2,2,3,4,14,4,3,13,7,3,0.0,0.0,0.0,0.0,0.0,0.0,1.0,0.0,0.0
793,3,1,3,3,4,5,2,4,2,2,0.0,0.0,1.0,0.0,0.0,0.0,0.0,0.0,0.0
794,3,2,4,3,7,1,2,6,2,0,1.0,0.0,0.0,0.0,0.0,0.0,0.0,0.0,0.0
795,2,2,4,3,8,5,3,1,0,0,0.0,0.0,0.0,0.0,0.0,0.0,0.0,1.0,0.0
796,3,1,4,3,7,3,4,7,7,5,0.0,0.0,1.0,0.0,0.0,0.0,0.0,0.0,0.0
797,3,1,3,4,1,0,2,1,1,0,0.0,0.0,1.0,0.0,0.0,0.0,0.0,0.0,0.0
798,2,1,2,4,5,0,3,2,2,2,0.0,0.0,0.0,0.0,0.0,0.0,1.0,0.0,0.0
799,3,4,1,3,23,3,3,22,6,13,0.0,0.0,0.0,1.0,0.0,0.0,0.0,0.0,0.0
800,2,1,2,3,1,2,3,1,0,0,0.0,0.0,1.0,0.0,0.0,0.0,0.0,0.0,0.0
801,3,2,3,3,5,4,3,0,0,0,0.0,0.0,0.0,0.0,0.0,0.0,0.0,1.0,0.0
802,3,2,2,3,4,3,3,3,2,0,0.0,0.0,0.0,0.0,0.0,0.0,0.0,1.0,0.0
803,2,1,4,3,6,2,3,0,0,0,0.0,0.0,0.0,0.0,0.0,0.0,1.0,0.0,0.0
804,4,4,4,4,27,3,2,5,4,2,0.0,0.0,0.0,1.0,0.0,0.0,0.0,0.0,0.0
805,2,2,3,3,15,2,3,15,10,4,0.0,0.0,0.0,0.0,0.0,0.0,0.0,1.0,0.0
806,3,3,2,3,18,4,3,8,6,4,1.0,0.0,0.0,0.0,0.0,0.0,0.0,0.0,0.0
807,2,3,3,3,9,2,3,8,7,2,0.0,0.0,0.0,0.0,0.0,0.0,0.0,1.0,0.0
808,3,1,4,4,11,1,3,7,5,1,0.0,0.0,0.0,0.0,0.0,0.0,1.0,0.0,0.0
809,3,3,2,3,10,3,2,9,7,1,0.0,0.0,0.0,0.0,1.0,0.0,0.0,0.0,0.0
810,3,4,3,3,23,3,3,12,9,4,0.0,0.0,0.0,1.0,0.0,0.0,0.0,0.0,0.0
811,3,3,2,3,10,2,3,1,0,0,0.0,0.0,0.0,0.0,0.0,0.0,0.0,1.0,0.0
812,3,3,1,3,18,1,3,8,7,0,0.0,0.0,0.0,0.0,1.0,0.0,0.0,0.0,0.0
813,3,4,4,3,21,4,3,18,7,11,1.0,0.0,0.0,0.0,0.0,0.0,0.0,0.0,0.0
814,2,5,3,3,21,2,4,20,7,4,0.0,0.0,0.0,0.0,0.0,1.0,0.0,0.0,0.0
815,2,1,2,3,2,6,4,2,2,2,0.0,0.0,0.0,0.0,0.0,0.0,1.0,0.0,0.0
816,3,2,2,3,9,2,2,5,4,0,0.0,0.0,1.0,0.0,0.0,0.0,0.0,0.0,0.0
817,3,2,4,4,18,0,3,11,9,0,0.0,0.0,0.0,0.0,1.0,0.0,0.0,0.0,0.0
818,4,1,4,3,3,4,3,2,2,2,0.0,0.0,0.0,0.0,0.0,0.0,0.0,0.0,1.0
819,2,1,2,3,6,2,1,5,3,0,0.0,0.0,0.0,0.0,0.0,0.0,1.0,0.0,0.0
820,3,2,4,3,5,3,3,5,2,0,0.0,0.0,0.0,0.0,0.0,0.0,0.0,1.0,0.0
821,2,4,2,3,22,3,3,9,8,2,0.0,0.0,0.0,0.0,0.0,0.0,0.0,1.0,0.0
822,3,2,3,3,5,3,2,3,2,0,0.0,0.0,0.0,0.0,1.0,0.0,0.0,0.0,0.0
823,3,1,2,3,8,2,2,7,5,1,0.0,0.0,0.0,0.0,0.0,0.0,1.0,0.0,0.0
824,1,2,4,3,16,3,3,1,0,0,0.0,0.0,1.0,0.0,0.0,0.0,0.0,0.0,0.0
825,2,2,4,3,10,2,2,10,7,1,0.0,0.0,0.0,0.0,1.0,0.0,0.0,0.0,0.0
826,4,1,3,3,7,2,4,7,6,5,0.0,1.0,0.0,0.0,0.0,0.0,0.0,0.0,0.0
827,2,1,3,3,3,2,3,3,1,0,0.0,0.0,0.0,0.0,0.0,0.0,1.0,0.0,0.0
828,3,1,3,3,0,0,3,0,0,0,0.0,0.0,1.0,0.0,0.0,0.0,0.0,0.0,0.0
829,3,2,1,3,6,3,3,5,2,0,0.0,0.0,0.0,0.0,0.0,0.0,0.0,1.0,0.0
830,3,1,4,3,6,4,3,1,0,0,0.0,0.0,1.0,0.0,0.0,0.0,0.0,0.0,0.0
831,3,1,3,3,2,5,2,2,2,2,0.0,0.0,1.0,0.0,0.0,0.0,0.0,0.0,0.0
832,2,2,4,3,9,2,3,6,2,1,1.0,0.0,0.0,0.0,0.0,0.0,0.0,0.0,0.0
833,2,1,3,3,4,0,3,4,2,2,0.0,0.0,0.0,0.0,0.0,0.0,1.0,0.0,0.0
834,3,2,3,4,6,3,2,6,5,1,0.0,0.0,0.0,0.0,0.0,0.0,0.0,1.0,0.0
835,3,1,3,3,6,2,1,5,4,1,0.0,1.0,0.0,0.0,0.0,0.0,0.0,0.0,0.0
836,2,3,1,3,11,3,1,11,8,3,0.0,0.0,0.0,0.0,0.0,0.0,0.0,1.0,0.0
837,3,3,3,3,20,3,2,18,7,2,0.0,0.0,0.0,0.0,0.0,1.0,0.0,0.0,0.0
838,3,4,1,3,22,2,2,21,9,13,0.0,0.0,0.0,0.0,0.0,0.0,0.0,1.0,0.0
839,3,2,1,3,9,3,4,6,4,1,0.0,0.0,0.0,0.0,0.0,0.0,0.0,1.0,0.0
840,2,1,3,3,10,2,3,8,0,1,0.0,0.0,1.0,0.0,0.0,0.0,0.0,0.0,0.0
841,3,1,2,4,6,2,3,4,3,1,0.0,0.0,1.0,0.0,0.0,0.0,0.0,0.0,0.0
842,3,1,4,3,1,4,2,1,1,0,0.0,0.0,1.0,0.0,0.0,0.0,0.0,0.0,0.0
843,4,1,4,4,8,2,3,8,7,0,0.0,0.0,1.0,0.0,0.0,0.0,0.0,0.0,0.0
844,2,2,3,3,10,3,3,10,3,1,0.0,0.0,0.0,0.0,0.0,0.0,0.0,1.0,0.0
845,2,2,4,3,16,3,1,1,1,0,0.0,0.0,0.0,0.0,0.0,0.0,1.0,0.0,0.0
846,2,3,2,3,15,2,4,7,7,6,0.0,0.0,0.0,0.0,1.0,0.0,0.0,0.0,0.0
847,2,2,1,4,14,3,3,13,9,4,1.0,0.0,0.0,0.0,0.0,0.0,0.0,0.0,0.0
848,2,1,4,3,2,2,4,2,2,2,0.0,0.0,1.0,0.0,0.0,0.0,0.0,0.0,0.0
849,1,2,3,3,7,2,2,4,3,1,0.0,0.0,0.0,0.0,0.0,0.0,0.0,1.0,0.0
850,3,1,1,3,1,3,3,1,0,0,0.0,0.0,0.0,0.0,0.0,0.0,0.0,0.0,1.0
851,3,5,1,3,28,2,3,5,2,4,0.0,0.0,0.0,1.0,0.0,0.0,0.0,0.0,0.0
852,3,1,4,3,10,5,3,10,8,0,0.0,0.0,1.0,0.0,0.0,0.0,0.0,0.0,0.0
853,3,1,1,4,1,4,3,1,1,0,0.0,0.0,0.0,0.0,0.0,0.0,1.0,0.0,0.0
854,3,1,3,3,7,2,2,3,2,0,0.0,0.0,0.0,0.0,0.0,0.0,1.0,0.0,0.0
855,2,2,4,3,14,2,2,14,8,3,0.0,0.0,0.0,0.0,1.0,0.0,0.0,0.0,0.0
856,2,1,3,3,2,2,2,2,2,1,0.0,0.0,1.0,0.0,0.0,0.0,0.0,0.0,0.0
857,3,1,3,3,6,4,3,6,4,0,0.0,0.0,0.0,0.0,0.0,0.0,1.0,0.0,0.0
858,3,5,3,3,26,6,3,7,7,4,0.0,0.0,0.0,1.0,0.0,0.0,0.0,0.0,0.0
859,1,1,4,3,6,2,2,5,4,1,0.0,0.0,0.0,0.0,0.0,0.0,1.0,0.0,0.0
860,2,1,4,3,1,5,3,0,0,0,0.0,0.0,0.0,0.0,0.0,0.0,1.0,0.0,0.0
861,3,4,1,4,28,2,3,26,15,15,0.0,0.0,0.0,1.0,0.0,0.0,0.0,0.0,0.0
862,1,1,3,3,6,3,3,0,0,0,0.0,0.0,0.0,0.0,0.0,0.0,1.0,0.0,0.0
863,3,1,3,3,5,2,3,5,4,1,0.0,1.0,0.0,0.0,0.0,0.0,0.0,0.0,0.0
864,2,1,1,3,5,2,1,1,0,0,0.0,0.0,0.0,0.0,0.0,0.0,1.0,0.0,0.0
865,3,2,1,3,8,3,3,4,3,0,0.0,0.0,0.0,0.0,0.0,0.0,0.0,1.0,0.0
866,3,2,2,3,5,2,3,0,0,0,0.0,0.0,0.0,0.0,0.0,0.0,0.0,1.0,0.0
867,3,4,1,4,32,3,3,2,2,2,0.0,0.0,0.0,1.0,0.0,0.0,0.0,0.0,0.0
868,2,1,1,3,6,2,3,6,5,3,0.0,0.0,1.0,0.0,0.0,0.0,0.0,0.0,0.0
869,3,5,2,3,25,2,3,4,2,0,0.0,0.0,0.0,0.0,0.0,1.0,0.0,0.0,0.0
870,3,2,1,3,15,2,3,7,7,1,0.0,0.0,0.0,0.0,0.0,0.0,0.0,1.0,0.0
871,3,1,2,3,1,3,1,1,0,0,0.0,0.0,1.0,0.0,0.0,0.0,0.0,0.0,0.0
872,3,2,3,3,10,3,2,10,7,0,0.0,0.0,0.0,0.0,0.0,0.0,0.0,1.0,0.0
873,1,1,3,3,7,4,3,7,7,1,0.0,0.0,1.0,0.0,0.0,0.0,0.0,0.0,0.0
874,3,2,3,3,10,4,2,10,7,8,0.0,0.0,1.0,0.0,0.0,0.0,0.0,0.0,0.0
875,3,2,4,4,20,3,3,20,11,13,0.0,0.0,0.0,0.0,0.0,0.0,1.0,0.0,0.0
876,4,1,4,3,2,2,3,2,1,2,0.0,0.0,0.0,0.0,0.0,0.0,0.0,0.0,1.0
877,3,2,4,3,12,3,2,6,3,1,0.0,0.0,0.0,0.0,1.0,0.0,0.0,0.0,0.0
878,4,2,1,3,10,3,4,4,3,0,0.0,1.0,0.0,0.0,0.0,0.0,0.0,0.0,0.0
879,4,2,4,3,12,3,3,11,7,1,0.0,0.0,0.0,0.0,0.0,0.0,0.0,1.0,0.0
880,2,1,2,4,2,2,3,2,2,2,0.0,0.0,1.0,0.0,0.0,0.0,0.0,0.0,0.0
881,3,2,3,3,10,2,3,8,7,0,0.0,0.0,0.0,0.0,0.0,0.0,1.0,0.0,0.0
882,1,3,1,4,17,2,3,7,7,7,0.0,0.0,0.0,0.0,1.0,0.0,0.0,0.0,0.0
883,3,1,4,3,15,5,3,14,10,4,0.0,0.0,0.0,0.0,0.0,0.0,1.0,0.0,0.0
884,2,2,2,3,7,2,4,5,1,1,0.0,0.0,0.0,0.0,0.0,0.0,0.0,1.0,0.0
885,3,2,4,3,5,4,3,4,3,1,0.0,0.0,0.0,0.0,0.0,0.0,0.0,1.0,0.0
886,3,1,2,4,12,2,3,11,9,5,0.0,0.0,0.0,0.0,0.0,0.0,1.0,0.0,0.0
887,3,3,1,3,20,6,3,1,0,0,0.0,0.0,0.0,0.0,0.0,1.0,0.0,0.0,0.0
888,2,3,4,3,16,6,2,13,2,4,0.0,0.0,0.0,0.0,0.0,0.0,0.0,1.0,0.0
889,3,1,1,3,9,3,2,9,7,6,0.0,0.0,0.0,0.0,0.0,0.0,1.0,0.0,0.0
890,3,3,3,3,33,2,1,5,4,1,0.0,0.0,0.0,0.0,1.0,0.0,0.0,0.0,0.0
891,4,1,4,3,10,5,3,10,5,7,0.0,0.0,0.0,0.0,0.0,0.0,1.0,0.0,0.0
892,2,1,2,4,1,2,4,1,1,0,0.0,0.0,0.0,0.0,0.0,0.0,1.0,0.0,0.0
893,3,1,4,3,3,5,3,3,2,1,0.0,0.0,0.0,0.0,0.0,0.0,1.0,0.0,0.0
894,3,4,4,3,36,2,3,10,9,0,0.0,0.0,0.0,0.0,0.0,1.0,0.0,0.0,0.0
895,3,2,1,3,6,2,2,6,5,0,1.0,0.0,0.0,0.0,0.0,0.0,0.0,0.0,0.0
896,2,2,1,3,10,2,3,10,9,1,1.0,0.0,0.0,0.0,0.0,0.0,0.0,0.0,0.0
897,2,2,4,3,13,2,3,6,1,0,0.0,0.0,0.0,0.0,0.0,0.0,0.0,1.0,0.0
898,1,5,4,3,25,2,3,8,7,0,0.0,0.0,0.0,0.0,0.0,1.0,0.0,0.0,0.0
899,2,5,3,3,23,2,4,1,0,0,0.0,0.0,0.0,1.0,0.0,0.0,0.0,0.0,0.0
900,3,1,2,3,12,2,2,11,10,0,0.0,0.0,0.0,0.0,0.0,0.0,1.0,0.0,0.0
901,4,1,2,3,7,4,2,1,0,0,0.0,0.0,1.0,0.0,0.0,0.0,0.0,0.0,0.0
902,3,1,3,3,5,2,3,5,3,0,0.0,0.0,0.0,0.0,0.0,0.0,1.0,0.0,0.0
903,3,2,4,3,6,2,3,6,0,1,1.0,0.0,0.0,0.0,0.0,0.0,0.0,0.0,0.0
904,2,5,4,3,25,3,4,1,0,0,0.0,0.0,0.0,0.0,0.0,1.0,0.0,0.0,0.0
905,2,4,4,3,9,2,2,7,7,1,0.0,0.0,0.0,0.0,0.0,1.0,0.0,0.0,0.0
906,4,1,3,3,2,5,2,1,0,0,0.0,0.0,0.0,0.0,0.0,0.0,1.0,0.0,0.0
907,3,5,2,3,26,5,3,22,9,3,0.0,0.0,0.0,1.0,0.0,0.0,0.0,0.0,0.0
908,4,3,3,3,10,3,3,9,8,0,0.0,0.0,0.0,0.0,0.0,0.0,0.0,1.0,0.0
909,4,1,4,3,1,2,3,1,0,0,0.0,0.0,0.0,0.0,0.0,0.0,1.0,0.0,0.0
910,3,1,3,4,1,2,3,1,0,0,0.0,0.0,0.0,0.0,0.0,0.0,1.0,0.0,0.0
911,1,1,4,3,1,4,3,1,0,1,0.0,0.0,0.0,0.0,0.0,0.0,0.0,0.0,1.0
912,3,1,4,4,8,2,2,8,5,2,0.0,0.0,0.0,0.0,0.0,0.0,1.0,0.0,0.0
913,1,5,2,3,26,2,3,24,10,1,0.0,0.0,0.0,1.0,0.0,0.0,0.0,0.0,0.0
914,2,4,2,3,34,3,3,33,9,15,1.0,0.0,0.0,0.0,0.0,0.0,0.0,0.0,0.0
915,2,1,3,4,2,2,1,2,2,2,0.0,0.0,1.0,0.0,0.0,0.0,0.0,0.0,0.0
916,2,5,2,3,26,2,3,11,4,0,0.0,0.0,0.0,1.0,0.0,0.0,0.0,0.0,0.0
917,3,2,1,3,4,3,3,3,2,0,0.0,0.0,0.0,0.0,0.0,0.0,0.0,1.0,0.0
918,3,5,2,4,31,5,2,29,10,11,0.0,0.0,0.0,1.0,0.0,0.0,0.0,0.0,0.0
919,3,3,4,3,25,6,2,9,7,5,0.0,0.0,0.0,0.0,1.0,0.0,0.0,0.0,0.0
920,3,2,2,3,15,2,4,11,8,5,0.0,0.0,1.0,0.0,0.0,0.0,0.0,0.0,0.0
921,3,1,3,3,5,2,2,4,2,0,0.0,0.0,1.0,0.0,0.0,0.0,0.0,0.0,0.0
922,4,5,1,3,26,4,2,25,9,14,0.0,0.0,0.0,1.0,0.0,0.0,0.0,0.0,0.0
923,2,2,2,3,14,5,4,10,9,1,0.0,1.0,0.0,0.0,0.0,0.0,0.0,0.0,0.0
924,3,1,3,3,4,3,3,3,2,2,0.0,0.0,0.0,0.0,0.0,0.0,1.0,0.0,0.0
925,4,2,2,3,18,2,3,1,0,0,0.0,0.0,0.0,0.0,0.0,0.0,1.0,0.0,0.0
926,2,3,4,3,23,3,4,21,7,15,0.0,0.0,0.0,0.0,0.0,0.0,0.0,1.0,0.0
927,3,2,2,3,18,2,3,16,14,5,0.0,0.0,0.0,0.0,1.0,0.0,0.0,0.0,0.0
928,3,3,4,3,10,2,3,10,7,0,1.0,0.0,0.0,0.0,0.0,0.0,0.0,0.0,0.0
929,2,1,4,3,2,2,3,2,2,2,0.0,0.0,1.0,0.0,0.0,0.0,0.0,0.0,0.0
930,2,1,3,3,8,6,2,7,0,7,0.0,0.0,1.0,0.0,0.0,0.0,0.0,0.0,0.0
931,3,2,3,3,10,3,3,8,4,1,0.0,0.0,0.0,0.0,1.0,0.0,0.0,0.0,0.0
932,3,1,3,3,10,2,3,7,7,7,0.0,0.0,1.0,0.0,0.0,0.0,0.0,0.0,0.0
933,3,1,1,3,5,2,2,3,2,1,0.0,0.0,0.0,0.0,0.0,0.0,1.0,0.0,0.0
934,3,1,2,3,2,3,2,2,2,2,0.0,0.0,0.0,0.0,0.0,0.0,1.0,0.0,0.0
935,4,2,4,3,10,4,4,10,7,0,0.0,0.0,0.0,0.0,0.0,0.0,0.0,1.0,0.0
936,3,5,2,4,22,4,3,0,0,0,0.0,0.0,0.0,1.0,0.0,0.0,0.0,0.0,0.0
937,2,4,2,3,21,4,3,19,9,15,0.0,0.0,0.0,1.0,0.0,0.0,0.0,0.0,0.0
938,3,1,3,3,2,3,3,2,2,2,0.0,0.0,0.0,0.0,0.0,0.0,1.0,0.0,0.0
939,3,2,3,3,10,3,3,10,4,1,0.0,0.0,1.0,0.0,0.0,0.0,0.0,0.0,0.0
940,3,1,1,3,6,2,3,5,2,0,0.0,0.0,0.0,0.0,0.0,0.0,1.0,0.0,0.0
941,2,2,4,3,10,6,3,9,2,6,0.0,0.0,1.0,0.0,0.0,0.0,0.0,0.0,0.0
942,3,3,3,3,10,0,3,7,7,1,1.0,0.0,0.0,0.0,0.0,0.0,0.0,0.0,0.0
943,3,1,1,3,10,3,4,7,6,5,0.0,1.0,0.0,0.0,0.0,0.0,0.0,0.0,0.0
944,1,2,4,3,10,6,3,9,8,7,0.0,0.0,1.0,0.0,0.0,0.0,0.0,0.0,0.0
945,3,4,1,3,25,2,3,3,2,1,0.0,0.0,0.0,0.0,0.0,1.0,0.0,0.0,0.0
946,2,3,2,3,9,2,3,5,4,1,0.0,0.0,0.0,0.0,0.0,0.0,0.0,1.0,0.0
947,3,3,2,3,10,2,2,8,7,7,0.0,0.0,0.0,0.0,0.0,0.0,0.0,1.0,0.0
948,3,3,1,4,9,2,3,9,1,0,0.0,0.0,0.0,1.0,0.0,0.0,0.0,0.0,0.0
949,3,2,3,3,9,6,3,8,7,1,0.0,0.0,0.0,0.0,1.0,0.0,0.0,0.0,0.0
950,3,3,3,3,10,5,2,10,8,9,0.0,0.0,0.0,0.0,0.0,0.0,0.0,1.0,0.0
951,1,2,2,3,19,4,3,19,2,11,0.0,0.0,0.0,0.0,0.0,0.0,0.0,1.0,0.0
952,3,1,2,3,3,2,4,3,2,2,0.0,0.0,0.0,0.0,0.0,0.0,0.0,0.0,1.0
953,3,1,1,3,10,4,4,3,2,1,0.0,0.0,1.0,0.0,0.0,0.0,0.0,0.0,0.0
954,3,4,3,3,21,3,2,20,8,2,0.0,0.0,0.0,1.0,0.0,0.0,0.0,0.0,0.0
955,1,5,3,3,23,5,3,19,9,9,0.0,0.0,0.0,1.0,0.0,0.0,0.0,0.0,0.0
956,3,5,2,3,36,4,3,7,3,7,0.0,0.0,0.0,1.0,0.0,0.0,0.0,0.0,0.0
957,3,1,3,3,6,0,3,4,2,0,0.0,0.0,0.0,0.0,0.0,0.0,1.0,0.0,0.0
958,3,3,4,3,10,0,2,9,7,1,1.0,0.0,0.0,0.0,0.0,0.0,0.0,0.0,0.0
959,3,2,4,3,9,4,3,9,8,8,0.0,0.0,0.0,0.0,0.0,0.0,1.0,0.0,0.0
960,3,2,1,3,10,2,3,9,3,1,0.0,0.0,0.0,0.0,0.0,0.0,0.0,1.0,0.0
961,3,2,3,3,9,3,3,9,6,1,0.0,0.0,0.0,0.0,0.0,0.0,1.0,0.0,0.0
962,3,4,2,3,33,2,3,33,9,0,0.0,0.0,0.0,1.0,0.0,0.0,0.0,0.0,0.0
963,3,2,1,3,11,3,3,7,7,1,0.0,0.0,0.0,0.0,0.0,0.0,0.0,1.0,0.0
964,3,2,1,3,10,6,4,10,8,9,0.0,0.0,0.0,0.0,0.0,0.0,0.0,1.0,0.0
965,3,1,4,3,7,6,2,3,2,1,0.0,0.0,1.0,0.0,0.0,0.0,0.0,0.0,0.0
966,2,3,1,3,31,0,2,10,9,5,0.0,0.0,0.0,0.0,1.0,0.0,0.0,0.0,0.0
967,3,1,2,4,7,3,3,4,2,0,0.0,0.0,1.0,0.0,0.0,0.0,0.0,0.0,0.0
968,4,2,1,3,17,2,2,15,7,6,0.0,0.0,0.0,0.0,0.0,0.0,0.0,1.0,0.0
969,3,3,4,3,11,2,3,10,9,0,0.0,0.0,0.0,0.0,1.0,0.0,0.0,0.0,0.0
970,4,1,4,3,5,4,3,1,0,0,0.0,0.0,0.0,0.0,0.0,0.0,0.0,0.0,1.0
971,2,4,2,3,29,1,2,5,2,0,0.0,0.0,0.0,0.0,1.0,0.0,0.0,0.0,0.0
972,3,1,4,3,0,5,4,0,0,0,0.0,0.0,1.0,0.0,0.0,0.0,0.0,0.0,0.0
973,2,2,4,3,10,0,3,9,7,0,0.0,0.0,1.0,0.0,0.0,0.0,0.0,0.0,0.0
974,1,2,4,4,8,3,3,6,2,0,0.0,0.0,0.0,0.0,0.0,0.0,0.0,1.0,0.0
975,4,4,3,3,24,2,2,19,7,3,0.0,0.0,0.0,0.0,0.0,0.0,0.0,1.0,0.0
976,3,4,2,3,33,0,3,19,16,15,0.0,0.0,0.0,0.0,1.0,0.0,0.0,0.0,0.0
977,2,1,3,4,5,2,3,5,4,0,0.0,0.0,0.0,0.0,0.0,0.0,1.0,0.0,0.0
978,4,2,3,4,15,0,3,12,11,11,1.0,0.0,0.0,0.0,0.0,0.0,0.0,0.0,0.0
979,3,2,3,3,10,1,3,8,7,7,0.0,0.0,1.0,0.0,0.0,0.0,0.0,0.0,0.0
980,2,1,4,3,3,3,4,1,0,0,0.0,0.0,0.0,0.0,0.0,0.0,0.0,0.0,1.0
981,3,2,3,3,5,0,2,4,2,3,0.0,0.0,0.0,0.0,0.0,0.0,0.0,1.0,0.0
982,4,1,3,3,4,2,3,4,2,0,0.0,0.0,0.0,0.0,0.0,0.0,1.0,0.0,0.0
983,3,2,4,3,14,2,4,14,11,4,1.0,0.0,0.0,0.0,0.0,0.0,0.0,0.0,0.0
984,2,2,1,3,5,0,3,5,3,0,0.0,0.0,0.0,0.0,0.0,0.0,0.0,1.0,0.0
985,3,2,3,3,10,3,2,10,2,6,0.0,0.0,0.0,0.0,1.0,0.0,0.0,0.0,0.0
986,2,2,4,3,8,2,4,5,4,1,0.0,0.0,0.0,0.0,0.0,0.0,0.0,1.0,0.0
987,3,3,2,3,14,5,3,4,2,3,0.0,0.0,0.0,0.0,0.0,0.0,0.0,1.0,0.0
988,3,2,4,3,12,4,2,6,2,3,0.0,0.0,0.0,0.0,0.0,0.0,1.0,0.0,0.0
989,3,1,3,3,8,2,3,6,4,1,0.0,0.0,0.0,0.0,0.0,0.0,1.0,0.0,0.0
990,3,2,4,3,8,2,4,5,4,1,0.0,0.0,0.0,0.0,0.0,0.0,0.0,1.0,0.0
991,3,2,2,3,4,3,2,3,2,1,0.0,0.0,0.0,0.0,0.0,0.0,0.0,1.0,0.0
992,3,3,3,4,13,2,3,6,4,0,1.0,0.0,0.0,0.0,0.0,0.0,0.0,0.0,0.0
993,4,2,3,3,6,3,2,3,2,1,0.0,0.0,0.0,0.0,0.0,0.0,0.0,1.0,0.0
994,4,4,3,3,24,3,2,5,3,0,0.0,0.0,0.0,0.0,1.0,0.0,0.0,0.0,0.0
995,2,2,3,3,20,3,1,20,7,1,0.0,0.0,0.0,0.0,0.0,0.0,1.0,0.0,0.0
996,2,2,4,3,6,3,3,6,2,4,0.0,0.0,0.0,0.0,0.0,0.0,0.0,1.0,0.0
997,3,1,3,3,8,2,3,8,2,7,0.0,0.0,0.0,0.0,0.0,0.0,1.0,0.0,0.0
998,2,1,4,3,5,2,3,4,3,1,0.0,0.0,0.0,0.0,0.0,0.0,1.0,0.0,0.0
999,3,4,1,3,21,5,3,20,7,0,0.0,0.0,0.0,1.0,0.0,0.0,0.0,0.0,0.0
1000,3,1,1,3,12,2,1,5,4,0,0.0,0.0,1.0,0.0,0.0,0.0,0.0,0.0,0.0
1001,3,1,3,3,8,6,3,3,2,0,0.0,0.0,1.0,0.0,0.0,0.0,0.0,0.0,0.0
1002,3,3,4,3,10,2,3,2,2,2,0.0,0.0,0.0,0.0,1.0,0.0,0.0,0.0,0.0
1003,3,1,4,3,7,2,2,3,2,0,0.0,0.0,1.0,0.0,0.0,0.0,0.0,0.0,0.0
1004,4,1,1,3,8,2,3,7,7,0,0.0,0.0,1.0,0.0,0.0,0.0,0.0,0.0,0.0
1005,2,3,1,3,10,3,2,10,9,0,0.0,1.0,0.0,0.0,0.0,0.0,0.0,0.0,0.0
1006,2,2,1,4,20,2,3,4,3,1,0.0,0.0,1.0,0.0,0.0,0.0,0.0,0.0,0.0
1007,3,3,4,3,9,1,3,8,7,7,1.0,0.0,0.0,0.0,0.0,0.0,0.0,0.0,0.0
1008,3,4,4,3,29,3,2,20,7,12,0.0,0.0,0.0,0.0,0.0,1.0,0.0,0.0,0.0
1009,3,5,1,4,32,3,3,9,8,1,0.0,0.0,0.0,0.0,0.0,1.0,0.0,0.0,0.0
1010,4,4,4,3,31,4,4,7,7,0,0.0,0.0,0.0,0.0,0.0,1.0,0.0,0.0,0.0
1011,3,2,2,3,15,3,3,5,4,0,0.0,0.0,0.0,0.0,0.0,0.0,0.0,1.0,0.0
1012,1,1,3,3,1,3,3,1,0,0,0.0,0.0,0.0,0.0,0.0,0.0,0.0,0.0,1.0
1013,3,2,1,3,8,3,3,3,2,0,0.0,0.0,0.0,0.0,0.0,0.0,0.0,1.0,0.0
1014,3,4,2,3,9,3,4,3,2,1,0.0,0.0,0.0,0.0,0.0,1.0,0.0,0.0,0.0
1015,3,1,1,3,10,2,3,4,3,1,0.0,0.0,0.0,0.0,0.0,0.0,1.0,0.0,0.0
1016,2,1,2,3,1,3,4,1,0,0,0.0,0.0,0.0,0.0,0.0,0.0,1.0,0.0,0.0
1017,3,1,1,3,6,3,4,5,0,1,0.0,0.0,1.0,0.0,0.0,0.0,0.0,0.0,0.0
1018,2,2,4,3,10,2,2,10,4,1,0.0,0.0,1.0,0.0,0.0,0.0,0.0,0.0,0.0
1019,2,2,1,3,11,3,2,3,2,0,0.0,0.0,0.0,0.0,0.0,0.0,0.0,1.0,0.0
1020,3,1,4,3,17,2,2,6,5,1,0.0,0.0,0.0,0.0,0.0,0.0,1.0,0.0,0.0
1021,2,1,1,3,6,2,3,3,2,2,0.0,0.0,0.0,0.0,0.0,0.0,0.0,0.0,1.0
1022,4,1,3,3,7,2,1,6,5,1,0.0,0.0,1.0,0.0,0.0,0.0,0.0,0.0,0.0
1023,3,1,1,4,5,3,4,3,2,1,0.0,0.0,0.0,0.0,0.0,0.0,1.0,0.0,0.0
1024,3,4,3,3,26,2,4,20,17,5,0.0,0.0,0.0,0.0,0.0,1.0,0.0,0.0,0.0
1025,3,2,3,3,5,3,3,5,4,0,0.0,0.0,0.0,0.0,0.0,0.0,0.0,1.0,0.0
1026,3,2,4,3,7,3,2,4,3,0,0.0,0.0,0.0,0.0,0.0,0.0,0.0,1.0,0.0
1027,2,1,2,3,7,2,2,5,4,0,0.0,0.0,1.0,0.0,0.0,0.0,0.0,0.0,0.0
1028,4,1,3,3,7,5,2,4,2,0,0.0,0.0,0.0,0.0,0.0,0.0,1.0,0.0,0.0
1029,3,2,3,3,11,2,4,8,7,0,0.0,0.0,1.0,0.0,0.0,0.0,0.0,0.0,0.0
1030,3,3,4,3,13,5,3,13,7,9,0.0,0.0,0.0,0.0,0.0,0.0,0.0,1.0,0.0
1031,3,3,4,3,28,1,4,7,7,4,0.0,0.0,0.0,0.0,0.0,0.0,0.0,1.0,0.0
1032,2,1,1,4,11,2,4,1,0,0,0.0,0.0,1.0,0.0,0.0,0.0,0.0,0.0,0.0
1033,4,3,2,3,10,2,3,10,8,4,0.0,0.0,0.0,0.0,1.0,0.0,0.0,0.0,0.0
1034,1,3,1,3,24,2,3,7,7,0,1.0,0.0,0.0,0.0,0.0,0.0,0.0,0.0,0.0
1035,4,1,2,3,8,3,3,3,2,0,0.0,1.0,0.0,0.0,0.0,0.0,0.0,0.0,0.0
1036,3,1,4,3,7,2,1,2,2,2,0.0,0.0,1.0,0.0,0.0,0.0,0.0,0.0,0.0
1037,3,3,4,3,10,4,4,3,1,1,0.0,0.0,0.0,0.0,1.0,0.0,0.0,0.0,0.0
1038,3,2,1,3,15,3,3,2,2,2,0.0,0.0,0.0,0.0,0.0,0.0,0.0,1.0,0.0
1039,3,1,3,3,2,0,3,2,2,2,0.0,1.0,0.0,0.0,0.0,0.0,0.0,0.0,0.0
1040,2,3,2,3,16,5,3,9,8,4,0.0,0.0,0.0,0.0,0.0,1.0,0.0,0.0,0.0
1041,3,2,1,3,6,4,3,5,4,1,0.0,0.0,0.0,0.0,0.0,0.0,0.0,1.0,0.0
1042,2,1,3,3,7,5,3,5,2,0,0.0,0.0,1.0,0.0,0.0,0.0,0.0,0.0,0.0
1043,4,4,2,3,35,2,2,9,8,8,0.0,0.0,0.0,0.0,0.0,1.0,0.0,0.0,0.0
1044,3,2,3,3,20,0,2,3,2,1,1.0,0.0,0.0,0.0,0.0,0.0,0.0,0.0,0.0
1045,3,1,3,3,8,3,4,3,1,1,0.0,0.0,0.0,0.0,0.0,0.0,1.0,0.0,0.0
1046,3,1,2,3,6,3,2,5,2,1,0.0,0.0,0.0,0.0,0.0,0.0,1.0,0.0,0.0
1047,3,2,1,3,5,2,3,4,3,0,0.0,0.0,0.0,0.0,0.0,0.0,0.0,1.0,0.0
1048,1,2,1,3,15,2,3,13,9,3,0.0,0.0,0.0,0.0,0.0,0.0,0.0,1.0,0.0
1049,3,2,3,3,4,2,2,2,1,2,0.0,0.0,0.0,0.0,0.0,0.0,0.0,1.0,0.0
1050,3,1,4,3,12,3,3,12,9,5,0.0,0.0,1.0,0.0,0.0,0.0,0.0,0.0,0.0
1051,3,2,3,3,11,4,2,1,0,0,0.0,0.0,0.0,0.0,0.0,0.0,0.0,1.0,0.0
1052,3,1,3,3,1,2,2,1,0,0,0.0,0.0,0.0,0.0,0.0,0.0,1.0,0.0,0.0
1053,4,2,3,4,13,2,2,12,9,2,0.0,0.0,0.0,0.0,0.0,0.0,1.0,0.0,0.0
1054,3,3,2,3,29,3,3,8,7,0,1.0,0.0,0.0,0.0,0.0,0.0,0.0,0.0,0.0
1055,3,4,1,3,16,3,2,14,8,6,0.0,0.0,0.0,0.0,0.0,1.0,0.0,0.0,0.0
1056,3,1,3,3,5,3,4,3,2,1,0.0,0.0,0.0,0.0,0.0,0.0,0.0,0.0,1.0
1057,3,2,2,3,7,4,1,5,3,0,0.0,0.0,0.0,0.0,0.0,0.0,0.0,1.0,0.0
1058,2,2,2,4,16,2,4,15,9,10,0.0,0.0,0.0,0.0,0.0,0.0,0.0,1.0,0.0
1059,3,1,3,3,1,3,3,1,0,0,0.0,0.0,0.0,0.0,0.0,0.0,0.0,0.0,1.0
1060,3,1,1,3,4,2,2,0,0,0,0.0,0.0,1.0,0.0,0.0,0.0,0.0,0.0,0.0
1061,3,1,2,3,1,2,3,1,0,0,0.0,0.0,0.0,0.0,0.0,0.0,0.0,0.0,1.0
1062,3,3,3,3,16,2,2,2,2,2,0.0,0.0,0.0,0.0,1.0,0.0,0.0,0.0,0.0
1063,2,2,3,3,10,3,3,10,7,0,0.0,0.0,0.0,0.0,0.0,0.0,0.0,1.0,0.0
1064,3,1,3,4,6,3,4,5,3,1,0.0,1.0,0.0,0.0,0.0,0.0,0.0,0.0,0.0
1065,3,2,3,3,4,2,3,3,2,1,1.0,0.0,0.0,0.0,0.0,0.0,0.0,0.0,0.0
1066,2,1,2,3,8,5,3,5,4,0,0.0,0.0,1.0,0.0,0.0,0.0,0.0,0.0,0.0
1067,3,2,3,3,11,4,2,5,4,1,0.0,0.0,0.0,0.0,0.0,0.0,0.0,1.0,0.0
1068,2,1,1,3,8,2,2,0,0,0,0.0,0.0,1.0,0.0,0.0,0.0,0.0,0.0,0.0
1069,2,1,3,3,1,2,1,1,0,0,0.0,0.0,0.0,0.0,0.0,0.0,1.0,0.0,0.0
1070,3,2,1,3,5,5,3,4,2,1,0.0,0.0,0.0,0.0,0.0,0.0,0.0,1.0,0.0
1071,2,2,1,4,10,3,3,3,2,1,0.0,0.0,1.0,0.0,0.0,0.0,0.0,0.0,0.0
1072,3,1,2,3,4,3,3,3,2,0,0.0,0.0,1.0,0.0,0.0,0.0,0.0,0.0,0.0
1073,1,2,2,3,8,2,2,8,6,1,0.0,0.0,0.0,0.0,1.0,0.0,0.0,0.0,0.0
1074,3,2,3,3,14,6,3,0,0,0,1.0,0.0,0.0,0.0,0.0,0.0,0.0,0.0,0.0
1075,3,3,4,4,10,5,4,5,2,0,0.0,0.0,0.0,1.0,0.0,0.0,0.0,0.0,0.0
1076,3,4,4,4,26,2,3,14,9,1,0.0,0.0,0.0,1.0,0.0,0.0,0.0,0.0,0.0
1077,2,1,1,3,11,2,1,9,7,0,0.0,0.0,0.0,0.0,0.0,0.0,1.0,0.0,0.0
1078,3,4,1,3,24,1,4,20,6,14,0.0,0.0,0.0,0.0,0.0,1.0,0.0,0.0,0.0
1079,3,3,2,3,9,3,3,2,0,2,0.0,0.0,0.0,0.0,1.0,0.0,0.0,0.0,0.0
1080,3,4,2,3,23,2,4,13,12,5,0.0,0.0,0.0,1.0,0.0,0.0,0.0,0.0,0.0
1081,2,3,2,3,11,3,1,11,8,3,1.0,0.0,0.0,0.0,0.0,0.0,0.0,0.0,0.0
1082,3,2,3,3,5,2,3,4,3,1,0.0,0.0,1.0,0.0,0.0,0.0,0.0,0.0,0.0
1083,3,1,1,3,15,3,1,5,4,1,0.0,0.0,1.0,0.0,0.0,0.0,0.0,0.0,0.0
1084,2,3,3,3,10,3,3,10,9,8,0.0,0.0,0.0,0.0,0.0,0.0,0.0,1.0,0.0
1085,3,1,3,3,7,2,1,7,2,7,0.0,0.0,0.0,0.0,0.0,0.0,1.0,0.0,0.0
1086,1,4,4,3,32,2,3,32,6,13,0.0,0.0,0.0,0.0,0.0,1.0,0.0,0.0,0.0
1087,3,1,3,4,12,4,3,11,10,5,0.0,0.0,0.0,0.0,0.0,0.0,0.0,0.0,1.0
1088,2,1,2,3,4,3,3,1,0,0,0.0,0.0,1.0,0.0,0.0,0.0,0.0,0.0,0.0
1089,3,2,4,3,10,2,3,10,8,3,0.0,0.0,0.0,0.0,0.0,0.0,1.0,0.0,0.0
1090,1,2,1,3,9,3,3,7,7,0,1.0,0.0,0.0,0.0,0.0,0.0,0.0,0.0,0.0
1091,2,2,2,3,5,2,3,5,3,0,0.0,0.0,0.0,0.0,1.0,0.0,0.0,0.0,0.0
1092,3,1,4,4,8,3,3,5,4,0,0.0,0.0,0.0,0.0,0.0,0.0,1.0,0.0,0.0
1093,3,3,4,3,24,3,1,20,8,13,1.0,0.0,0.0,0.0,0.0,0.0,0.0,0.0,0.0
1094,3,2,1,3,9,5,4,8,4,7,0.0,0.0,0.0,0.0,0.0,0.0,0.0,1.0,0.0
1095,3,2,3,3,15,3,3,15,14,5,0.0,0.0,1.0,0.0,0.0,0.0,0.0,0.0,0.0
1096,3,4,4,4,21,2,3,21,7,7,0.0,0.0,0.0,1.0,0.0,0.0,0.0,0.0,0.0
1097,2,1,1,3,2,3,3,1,1,0,0.0,0.0,1.0,0.0,0.0,0.0,0.0,0.0,0.0
1098,3,2,4,3,8,2,3,2,2,2,1.0,0.0,0.0,0.0,0.0,0.0,0.0,0.0,0.0
1099,3,3,2,3,10,4,3,10,8,7,1.0,0.0,0.0,0.0,0.0,0.0,0.0,0.0,0.0
1100,2,1,3,4,6,5,3,5,3,4,0.0,0.0,0.0,0.0,0.0,0.0,0.0,0.0,1.0
1101,2,2,2,3,12,2,3,7,1,2,0.0,0.0,0.0,0.0,0.0,0.0,1.0,0.0,0.0
1102,3,1,4,4,7,3,2,3,2,1,0.0,0.0,0.0,0.0,0.0,0.0,0.0,0.0,1.0
1103,3,2,3,3,18,2,3,8,7,7,0.0,0.0,0.0,0.0,0.0,0.0,0.0,1.0,0.0
1104,4,1,3,3,5,2,2,1,0,0,0.0,0.0,0.0,0.0,0.0,0.0,1.0,0.0,0.0
1105,3,2,1,3,8,6,1,2,2,2,0.0,0.0,0.0,0.0,0.0,0.0,0.0,1.0,0.0
1106,2,2,1,3,10,4,3,10,8,6,0.0,0.0,0.0,0.0,0.0,0.0,0.0,1.0,0.0
1107,3,2,3,3,10,2,3,6,3,1,0.0,1.0,0.0,0.0,0.0,0.0,0.0,0.0,0.0
1108,2,1,1,3,3,3,3,3,0,1,0.0,0.0,1.0,0.0,0.0,0.0,0.0,0.0,0.0
1109,3,3,2,3,9,3,3,4,2,1,0.0,0.0,0.0,0.0,0.0,0.0,0.0,1.0,0.0
1110,3,1,1,3,1,2,3,1,0,0,0.0,0.0,1.0,0.0,0.0,0.0,0.0,0.0,0.0
1111,2,3,4,3,34,4,3,33,7,1,0.0,0.0,0.0,0.0,1.0,0.0,0.0,0.0,0.0
1112,3,2,2,3,7,2,3,5,2,1,0.0,0.0,0.0,0.0,1.0,0.0,0.0,0.0,0.0
1113,3,2,1,3,9,3,2,6,5,1,0.0,0.0,0.0,0.0,0.0,0.0,1.0,0.0,0.0
1114,3,1,1,3,10,3,2,8,2,7,0.0,0.0,0.0,0.0,0.0,0.0,1.0,0.0,0.0
1115,3,1,4,3,1,4,1,1,0,0,0.0,0.0,0.0,0.0,0.0,0.0,1.0,0.0,0.0
1116,2,5,4,4,36,3,3,36,6,2,0.0,0.0,0.0,1.0,0.0,0.0,0.0,0.0,0.0
1117,3,2,4,3,9,3,2,2,2,2,0.0,0.0,0.0,0.0,0.0,0.0,1.0,0.0,0.0
1118,3,1,4,4,1,5,3,1,0,0,0.0,0.0,0.0,0.0,0.0,0.0,1.0,0.0,0.0
1119,3,2,2,3,10,3,3,9,8,7,0.0,0.0,0.0,0.0,0.0,0.0,0.0,1.0,0.0
1120,3,2,2,3,8,5,4,3,2,1,0.0,0.0,0.0,0.0,0.0,0.0,0.0,1.0,0.0
1121,3,2,3,3,15,5,3,1,0,0,0.0,0.0,0.0,0.0,0.0,0.0,0.0,1.0,0.0
1122,3,1,1,3,10,3,3,10,9,1,0.0,0.0,1.0,0.0,0.0,0.0,0.0,0.0,0.0
1123,3,2,3,3,10,4,3,5,2,0,1.0,0.0,0.0,0.0,0.0,0.0,0.0,0.0,0.0
1124,4,3,3,3,11,3,3,7,6,7,0.0,0.0,0.0,0.0,0.0,0.0,0.0,1.0,0.0
1125,3,2,4,3,6,0,4,6,4,1,1.0,0.0,0.0,0.0,0.0,0.0,0.0,0.0,0.0
1126,3,5,3,3,27,2,3,1,0,0,0.0,0.0,0.0,1.0,0.0,0.0,0.0,0.0,0.0
1127,4,1,3,3,4,2,3,2,2,2,0.0,0.0,0.0,0.0,0.0,0.0,1.0,0.0,0.0
1128,4,2,1,3,9,3,3,3,2,0,0.0,0.0,1.0,0.0,0.0,0.0,0.0,0.0,0.0
1129,2,5,4,4,24,2,3,1,0,0,0.0,0.0,0.0,1.0,0.0,0.0,0.0,0.0,0.0
1130,4,2,3,3,10,3,2,10,9,6,0.0,0.0,1.0,0.0,0.0,0.0,0.0,0.0,0.0
1131,2,2,3,3,8,3,2,8,2,7,1.0,0.0,0.0,0.0,0.0,0.0,0.0,0.0,0.0
1132,3,2,1,3,5,2,3,5,4,1,0.0,0.0,0.0,0.0,0.0,0.0,0.0,1.0,0.0
1133,4,1,2,3,8,0,3,6,4,0,0.0,0.0,1.0,0.0,0.0,0.0,0.0,0.0,0.0
1134,2,1,4,3,1,5,2,1,0,0,0.0,0.0,1.0,0.0,0.0,0.0,0.0,0.0,0.0
1135,4,4,1,3,27,5,1,26,0,0,0.0,0.0,0.0,1.0,0.0,0.0,0.0,0.0,0.0
1136,3,1,2,3,1,3,3,1,1,0,0.0,0.0,1.0,0.0,0.0,0.0,0.0,0.0,0.0
1137,2,1,3,3,4,2,2,4,2,1,0.0,0.0,0.0,0.0,0.0,0.0,1.0,0.0,0.0
1138,3,4,3,3,32,3,3,30,8,12,1.0,0.0,0.0,0.0,0.0,0.0,0.0,0.0,0.0
1139,4,1,4,3,6,3,3,3,2,0,0.0,0.0,0.0,0.0,0.0,0.0,1.0,0.0,0.0
1140,3,5,4,3,23,4,2,22,7,1,0.0,0.0,0.0,0.0,0.0,1.0,0.0,0.0,0.0
1141,2,1,2,3,6,3,2,6,4,1,0.0,0.0,0.0,0.0,0.0,0.0,1.0,0.0,0.0
1142,1,2,1,3,10,3,3,10,7,1,0.0,0.0,1.0,0.0,0.0,0.0,0.0,0.0,0.0
1143,2,2,1,3,10,2,3,10,7,4,0.0,0.0,0.0,0.0,0.0,0.0,0.0,1.0,0.0
1144,3,2,1,3,10,3,3,5,2,0,0.0,0.0,0.0,0.0,0.0,0.0,0.0,1.0,0.0
1145,3,2,3,3,7,2,3,3,2,1,0.0,0.0,0.0,0.0,1.0,0.0,0.0,0.0,0.0
1146,4,2,4,3,9,3,3,9,7,7,0.0,0.0,0.0,0.0,1.0,0.0,0.0,0.0,0.0
1147,3,1,1,3,10,3,2,9,6,1,0.0,0.0,1.0,0.0,0.0,0.0,0.0,0.0,0.0
1148,3,2,1,3,10,3,3,7,7,7,0.0,0.0,0.0,0.0,1.0,0.0,0.0,0.0,0.0
1149,2,1,1,3,7,3,3,7,7,0,0.0,0.0,1.0,0.0,0.0,0.0,0.0,0.0,0.0
1150,4,2,1,3,16,2,3,16,15,1,0.0,0.0,0.0,0.0,0.0,0.0,1.0,0.0,0.0
1151,1,2,1,4,6,5,2,5,3,0,0.0,0.0,0.0,0.0,1.0,0.0,0.0,0.0,0.0
1152,3,1,4,3,3,2,3,2,2,2,0.0,0.0,0.0,0.0,0.0,0.0,1.0,0.0,0.0
1153,3,1,4,3,0,2,4,0,0,0,0.0,0.0,0.0,0.0,0.0,0.0,0.0,0.0,1.0
1154,3,5,3,3,27,2,3,5,2,1,0.0,0.0,0.0,1.0,0.0,0.0,0.0,0.0,0.0
1155,2,2,3,3,11,3,3,10,8,0,0.0,0.0,1.0,0.0,0.0,0.0,0.0,0.0,0.0
1156,2,3,3,3,18,2,3,18,15,14,0.0,0.0,0.0,0.0,1.0,0.0,0.0,0.0,0.0
1157,3,2,3,3,15,5,3,14,11,2,1.0,0.0,0.0,0.0,0.0,0.0,0.0,0.0,0.0
1158,3,2,3,3,9,2,2,4,3,0,0.0,0.0,0.0,0.0,1.0,0.0,0.0,0.0,0.0
1159,3,2,3,3,10,2,1,9,2,3,0.0,0.0,0.0,0.0,1.0,0.0,0.0,0.0,0.0
1160,2,2,4,3,10,3,3,10,7,3,0.0,0.0,0.0,0.0,1.0,0.0,0.0,0.0,0.0
1161,2,3,3,3,10,6,4,5,4,0,0.0,0.0,0.0,0.0,1.0,0.0,0.0,0.0,0.0
1162,2,3,1,3,15,3,3,13,12,6,0.0,0.0,0.0,0.0,0.0,0.0,0.0,1.0,0.0
1163,3,1,2,3,8,2,1,8,4,7,0.0,0.0,0.0,0.0,0.0,0.0,1.0,0.0,0.0
1164,3,3,4,3,18,2,2,4,2,3,0.0,0.0,0.0,0.0,1.0,0.0,0.0,0.0,0.0
1165,3,2,4,3,14,3,3,10,7,0,0.0,1.0,0.0,0.0,0.0,0.0,0.0,0.0,0.0
1166,2,4,4,4,23,3,3,2,2,2,0.0,0.0,0.0,1.0,0.0,0.0,0.0,0.0,0.0
1167,1,2,4,3,7,2,2,2,2,2,0.0,0.0,0.0,0.0,0.0,0.0,0.0,1.0,0.0
1168,3,1,4,3,6,2,3,6,3,1,0.0,0.0,0.0,0.0,0.0,0.0,1.0,0.0,0.0
1169,4,1,3,3,5,0,3,3,2,0,0.0,0.0,0.0,0.0,0.0,0.0,1.0,0.0,0.0
1170,3,1,4,3,6,0,2,4,2,1,0.0,0.0,0.0,0.0,0.0,0.0,1.0,0.0,0.0
1171,3,1,1,3,10,3,1,4,2,0,0.0,0.0,1.0,0.0,0.0,0.0,0.0,0.0,0.0
1172,2,2,3,3,8,2,3,5,2,1,0.0,0.0,0.0,0.0,0.0,0.0,0.0,1.0,0.0
1173,3,3,1,3,9,6,3,3,2,0,1.0,0.0,0.0,0.0,0.0,0.0,0.0,0.0,0.0
1174,4,2,3,3,7,6,3,7,7,0,0.0,0.0,0.0,0.0,1.0,0.0,0.0,0.0,0.0
1175,3,2,2,4,7,3,3,5,4,1,0.0,0.0,0.0,0.0,1.0,0.0,0.0,0.0,0.0
1176,3,4,2,3,27,2,3,4,2,1,0.0,0.0,0.0,0.0,0.0,1.0,0.0,0.0,0.0
1177,2,3,1,3,19,3,3,14,11,1,0.0,0.0,0.0,0.0,0.0,1.0,0.0,0.0,0.0
1178,3,1,3,3,2,3,3,2,2,2,0.0,0.0,0.0,0.0,0.0,0.0,0.0,0.0,1.0
1179,3,2,2,3,11,2,3,11,8,7,0.0,0.0,0.0,0.0,0.0,0.0,1.0,0.0,0.0
1180,3,1,2,3,15,4,3,4,3,1,0.0,0.0,1.0,0.0,0.0,0.0,0.0,0.0,0.0
1181,2,4,3,3,30,3,3,15,11,2,1.0,0.0,0.0,0.0,0.0,0.0,0.0,0.0,0.0
1182,2,2,3,3,4,6,3,3,2,1,0.0,0.0,0.0,0.0,1.0,0.0,0.0,0.0,0.0
1183,4,2,1,4,13,3,3,5,4,0,1.0,0.0,0.0,0.0,0.0,0.0,0.0,0.0,0.0
1184,3,4,3,4,36,6,3,10,8,4,0.0,0.0,0.0,1.0,0.0,0.0,0.0,0.0,0.0
1185,2,4,3,4,14,3,3,14,10,6,0.0,0.0,0.0,0.0,0.0,1.0,0.0,0.0,0.0
1186,3,2,4,4,13,2,4,11,9,6,0.0,0.0,0.0,0.0,0.0,0.0,0.0,1.0,0.0
1187,3,2,4,3,19,4,4,13,11,2,0.0,0.0,0.0,0.0,0.0,0.0,1.0,0.0,0.0
1188,2,2,2,3,10,3,2,10,0,0,0.0,0.0,0.0,0.0,0.0,0.0,0.0,1.0,0.0
1189,3,2,4,3,6,5,3,6,2,0,0.0,0.0,0.0,0.0,0.0,0.0,0.0,1.0,0.0
1190,3,2,2,3,10,4,2,9,5,1,0.0,0.0,0.0,0.0,0.0,0.0,1.0,0.0,0.0
1191,3,2,4,3,10,2,3,10,0,0,0.0,0.0,0.0,0.0,0.0,0.0,0.0,1.0,0.0
1192,3,1,1,3,17,2,2,2,2,2,0.0,0.0,1.0,0.0,0.0,0.0,0.0,0.0,0.0
1193,2,1,2,4,4,3,3,4,3,3,0.0,0.0,1.0,0.0,0.0,0.0,0.0,0.0,0.0
1194,4,4,2,3,29,2,3,3,2,1,0.0,0.0,0.0,1.0,0.0,0.0,0.0,0.0,0.0
1195,3,4,3,3,23,2,3,8,7,0,0.0,0.0,0.0,1.0,0.0,0.0,0.0,0.0,0.0
1196,3,3,3,3,21,2,3,2,0,0,0.0,0.0,0.0,0.0,0.0,0.0,0.0,1.0,0.0
1197,3,1,1,3,2,3,3,2,2,0,0.0,0.0,0.0,0.0,0.0,0.0,0.0,0.0,1.0
1198,3,2,4,4,7,2,3,6,5,1,0.0,0.0,0.0,0.0,0.0,0.0,0.0,1.0,0.0
1199,3,2,3,3,10,2,2,3,2,0,1.0,0.0,0.0,0.0,0.0,0.0,0.0,0.0,0.0
1200,3,1,4,3,8,2,3,2,2,2,0.0,1.0,0.0,0.0,0.0,0.0,0.0,0.0,0.0
1201,2,1,3,3,5,2,3,5,4,1,0.0,0.0,1.0,0.0,0.0,0.0,0.0,0.0,0.0
1202,3,1,3,3,7,5,2,0,0,0,0.0,0.0,1.0,0.0,0.0,0.0,0.0,0.0,0.0
1203,4,3,4,3,11,2,3,4,3,1,1.0,0.0,0.0,0.0,0.0,0.0,0.0,0.0,0.0
1204,3,1,3,3,19,3,3,9,7,7,0.0,0.0,0.0,0.0,0.0,0.0,0.0,0.0,1.0
1205,3,1,2,3,1,2,3,1,0,0,0.0,0.0,1.0,0.0,0.0,0.0,0.0,0.0,0.0
1206,3,1,4,4,7,5,3,7,7,5,0.0,0.0,1.0,0.0,0.0,0.0,0.0,0.0,0.0
1207,2,1,2,3,8,1,3,4,2,1,0.0,0.0,0.0,0.0,0.0,0.0,1.0,0.0,0.0
1208,2,2,4,3,15,3,4,15,10,4,0.0,0.0,1.0,0.0,0.0,0.0,0.0,0.0,0.0
1209,1,3,4,4,19,2,4,1,0,0,1.0,0.0,0.0,0.0,0.0,0.0,0.0,0.0,0.0
1210,4,1,2,3,14,6,3,14,11,2,0.0,0.0,1.0,0.0,0.0,0.0,0.0,0.0,0.0
1211,1,2,4,3,6,2,2,6,3,1,0.0,0.0,0.0,0.0,0.0,0.0,0.0,1.0,0.0
1212,2,1,4,3,10,3,3,10,9,8,0.0,0.0,0.0,0.0,0.0,0.0,1.0,0.0,0.0
1213,3,1,4,4,3,2,3,3,2,0,0.0,0.0,0.0,0.0,0.0,0.0,0.0,0.0,1.0
1214,4,3,4,3,9,2,3,8,7,6,1.0,0.0,0.0,0.0,0.0,0.0,0.0,0.0,0.0
1215,2,1,4,3,6,2,4,5,4,1,0.0,0.0,0.0,0.0,0.0,0.0,1.0,0.0,0.0
1216,3,2,4,3,10,3,3,10,9,8,0.0,0.0,0.0,0.0,0.0,0.0,0.0,1.0,0.0
1217,4,1,3,3,5,1,3,5,3,0,0.0,0.0,0.0,0.0,0.0,0.0,1.0,0.0,0.0
1218,3,3,3,3,10,3,3,10,8,8,0.0,0.0,0.0,0.0,0.0,0.0,0.0,1.0,0.0
1219,3,1,3,3,9,2,3,5,3,1,0.0,0.0,1.0,0.0,0.0,0.0,0.0,0.0,0.0
1220,3,2,4,3,17,2,2,13,7,6,0.0,0.0,0.0,0.0,0.0,0.0,0.0,0.0,1.0
1221,2,3,3,4,25,3,2,23,15,14,1.0,0.0,0.0,0.0,0.0,0.0,0.0,0.0,0.0
1222,1,1,3,3,1,2,3,1,0,0,0.0,1.0,0.0,0.0,0.0,0.0,0.0,0.0,0.0
1223,1,4,3,3,25,3,1,23,5,14,0.0,0.0,0.0,0.0,0.0,0.0,0.0,1.0,0.0
1224,1,1,3,3,3,3,4,3,2,0,0.0,0.0,1.0,0.0,0.0,0.0,0.0,0.0,0.0
1225,2,4,2,3,21,2,3,21,6,8,0.0,0.0,0.0,0.0,0.0,1.0,0.0,0.0,0.0
1226,3,1,3,3,10,3,2,5,2,1,0.0,0.0,0.0,0.0,0.0,0.0,1.0,0.0,0.0
1227,3,1,3,3,6,2,4,5,2,0,0.0,0.0,1.0,0.0,0.0,0.0,0.0,0.0,0.0
1228,1,2,2,3,10,4,3,3,2,1,0.0,1.0,0.0,0.0,0.0,0.0,0.0,0.0,0.0
1229,3,2,1,3,18,3,3,1,0,0,0.0,0.0,0.0,0.0,1.0,0.0,0.0,0.0,0.0
1230,3,1,1,3,6,2,4,6,2,1,0.0,0.0,1.0,0.0,0.0,0.0,0.0,0.0,0.0
1231,3,2,2,3,19,3,3,10,7,0,1.0,0.0,0.0,0.0,0.0,0.0,0.0,0.0,0.0
1232,3,2,3,3,17,3,3,7,7,0,0.0,0.0,0.0,0.0,1.0,0.0,0.0,0.0,0.0
1233,3,1,4,3,10,2,2,10,0,0,0.0,0.0,0.0,0.0,0.0,0.0,1.0,0.0,0.0
1234,3,2,2,3,4,3,1,1,0,0,0.0,0.0,0.0,0.0,0.0,0.0,0.0,1.0,0.0
1235,3,3,4,3,13,5,2,10,6,0,0.0,0.0,0.0,0.0,0.0,0.0,0.0,1.0,0.0
1236,2,2,1,3,16,3,3,2,2,2,0.0,0.0,0.0,0.0,0.0,0.0,0.0,1.0,0.0
1237,1,2,2,3,10,2,3,0,0,0,0.0,0.0,0.0,0.0,0.0,0.0,0.0,1.0,0.0
1238,3,1,2,3,3,3,1,3,2,1,0.0,0.0,1.0,0.0,0.0,0.0,0.0,0.0,0.0
1239,3,2,4,4,9,3,2,5,4,1,0.0,0.0,0.0,0.0,1.0,0.0,0.0,0.0,0.0
1240,3,2,4,3,9,2,3,9,8,5,0.0,0.0,1.0,0.0,0.0,0.0,0.0,0.0,0.0
1241,1,3,3,3,10,2,1,4,3,0,0.0,0.0,0.0,0.0,0.0,0.0,0.0,1.0,0.0
1242,3,5,2,3,21,3,2,21,8,12,0.0,0.0,0.0,1.0,0.0,0.0,0.0,0.0,0.0
1243,1,3,3,4,9,2,4,5,0,0,0.0,1.0,0.0,0.0,0.0,0.0,0.0,0.0,0.0
1244,2,1,1,3,10,2,3,9,7,0,0.0,0.0,0.0,0.0,0.0,0.0,1.0,0.0,0.0
1245,3,1,4,3,3,2,3,2,2,2,0.0,1.0,0.0,0.0,0.0,0.0,0.0,0.0,0.0
1246,2,1,4,3,6,0,2,4,2,1,0.0,1.0,0.0,0.0,0.0,0.0,0.0,0.0,0.0
1247,3,2,3,3,6,3,3,5,2,0,0.0,0.0,0.0,0.0,0.0,0.0,0.0,1.0,0.0
1248,3,1,4,3,6,5,2,6,2,1,0.0,0.0,0.0,0.0,0.0,0.0,1.0,0.0,0.0
1249,1,1,2,3,2,3,3,2,2,2,0.0,0.0,0.0,0.0,0.0,0.0,0.0,0.0,1.0
1250,4,2,3,3,10,5,4,3,2,0,1.0,0.0,0.0,0.0,0.0,0.0,0.0,0.0,0.0
1251,2,3,1,3,12,2,3,7,7,1,0.0,0.0,0.0,0.0,0.0,0.0,0.0,1.0,0.0
1252,4,1,4,3,6,3,3,5,0,1,0.0,0.0,0.0,0.0,0.0,0.0,1.0,0.0,0.0
1253,3,2,2,3,13,2,2,11,7,1,0.0,0.0,0.0,0.0,0.0,0.0,0.0,1.0,0.0
1254,3,2,4,3,8,1,4,5,1,0,0.0,0.0,0.0,0.0,0.0,0.0,0.0,1.0,0.0
1255,3,3,1,4,11,2,2,0,0,0,0.0,0.0,0.0,0.0,0.0,0.0,0.0,1.0,0.0
1256,2,1,2,3,9,4,2,6,1,0,0.0,0.0,1.0,0.0,0.0,0.0,0.0,0.0,0.0
1257,3,3,3,3,10,2,3,1,0,0,0.0,0.0,0.0,0.0,0.0,0.0,0.0,1.0,0.0
1258,2,1,1,3,1,2,3,1,0,0,0.0,0.0,0.0,0.0,0.0,0.0,1.0,0.0,0.0
1259,4,2,3,3,10,3,3,7,0,1,1.0,0.0,0.0,0.0,0.0,0.0,0.0,0.0,0.0
1260,3,1,2,3,12,3,3,7,7,0,0.0,0.0,0.0,0.0,0.0,0.0,1.0,0.0,0.0
1261,1,2,4,3,15,2,3,1,0,1,1.0,0.0,0.0,0.0,0.0,0.0,0.0,0.0,0.0
1262,2,1,3,3,6,4,3,1,0,0,0.0,0.0,0.0,0.0,0.0,0.0,1.0,0.0,0.0
1263,3,1,2,4,7,6,2,5,3,0,0.0,0.0,1.0,0.0,0.0,0.0,0.0,0.0,0.0
1264,2,5,1,3,34,2,3,1,0,0,0.0,0.0,0.0,0.0,0.0,1.0,0.0,0.0,0.0
1265,3,2,2,3,11,2,2,9,8,1,0.0,0.0,0.0,0.0,0.0,0.0,1.0,0.0,0.0
1266,3,1,1,4,5,2,3,5,3,0,0.0,0.0,1.0,0.0,0.0,0.0,0.0,0.0,0.0
1267,3,2,3,3,15,3,3,15,14,0,0.0,0.0,0.0,0.0,0.0,0.0,0.0,1.0,0.0
1268,2,4,3,4,27,2,2,3,2,0,0.0,0.0,0.0,0.0,1.0,0.0,0.0,0.0,0.0
1269,3,1,4,3,10,5,3,9,7,1,0.0,1.0,0.0,0.0,0.0,0.0,0.0,0.0,0.0
1270,1,2,4,3,6,3,3,2,2,2,0.0,0.0,0.0,0.0,0.0,0.0,0.0,1.0,0.0
1271,3,1,2,3,1,3,3,1,0,1,0.0,0.0,0.0,0.0,0.0,0.0,0.0,0.0,1.0
1272,2,1,3,3,5,3,3,5,4,0,0.0,0.0,1.0,0.0,0.0,0.0,0.0,0.0,0.0
1273,3,1,1,3,1,6,3,1,0,0,0.0,0.0,1.0,0.0,0.0,0.0,0.0,0.0,0.0
1274,2,2,4,3,13,3,3,12,7,5,0.0,0.0,0.0,0.0,0.0,0.0,0.0,1.0,0.0
1275,3,3,3,3,15,2,3,2,2,2,0.0,0.0,0.0,1.0,0.0,0.0,0.0,0.0,0.0
1276,2,2,2,3,5,2,3,5,2,0,0.0,0.0,0.0,0.0,0.0,0.0,0.0,1.0,0.0
1277,3,5,4,3,24,3,3,2,1,2,0.0,0.0,0.0,0.0,0.0,1.0,0.0,0.0,0.0
1278,3,3,1,3,15,1,3,12,8,5,1.0,0.0,0.0,0.0,0.0,0.0,0.0,0.0,0.0
1279,3,1,2,3,6,2,2,5,3,2,0.0,0.0,0.0,0.0,0.0,0.0,1.0,0.0,0.0
1280,3,2,2,3,19,4,2,10,0,4,0.0,1.0,0.0,0.0,0.0,0.0,0.0,0.0,0.0
1281,3,2,4,3,10,2,3,10,7,7,0.0,0.0,0.0,0.0,0.0,0.0,0.0,1.0,0.0
1282,4,1,1,3,14,1,3,10,8,7,0.0,0.0,0.0,0.0,0.0,0.0,1.0,0.0,0.0
1283,3,1,4,3,5,6,4,5,3,0,0.0,0.0,0.0,0.0,0.0,0.0,1.0,0.0,0.0
1284,3,3,3,4,9,3,3,4,3,2,0.0,0.0,0.0,0.0,0.0,1.0,0.0,0.0,0.0
1285,2,2,2,3,6,3,3,2,2,2,0.0,0.0,0.0,0.0,0.0,0.0,0.0,1.0,0.0
1286,3,1,1,3,7,5,2,4,3,0,0.0,0.0,1.0,0.0,0.0,0.0,0.0,0.0,0.0
1287,4,2,1,3,10,2,2,0,0,0,1.0,0.0,0.0,0.0,0.0,0.0,0.0,0.0,0.0
1288,3,2,4,3,15,6,3,7,7,1,0.0,0.0,0.0,0.0,1.0,0.0,0.0,0.0,0.0
1289,3,1,2,3,13,3,3,11,10,3,0.0,1.0,0.0,0.0,0.0,0.0,0.0,0.0,0.0
1290,3,2,1,3,11,3,2,7,1,0,0.0,0.0,1.0,0.0,0.0,0.0,0.0,0.0,0.0
1291,3,2,1,3,10,4,1,10,3,0,0.0,0.0,0.0,0.0,1.0,0.0,0.0,0.0,0.0
1292,3,2,4,3,7,6,3,2,1,2,0.0,0.0,0.0,0.0,0.0,0.0,0.0,1.0,0.0
1293,3,1,3,3,7,2,2,3,2,1,0.0,0.0,0.0,0.0,0.0,0.0,1.0,0.0,0.0
1294,4,2,2,3,11,3,1,3,2,1,1.0,0.0,0.0,0.0,0.0,0.0,0.0,0.0,0.0
1295,3,3,3,3,23,3,4,22,14,13,0.0,0.0,0.0,0.0,0.0,0.0,0.0,1.0,0.0
1296,3,3,3,3,9,3,3,7,7,0,0.0,0.0,0.0,0.0,1.0,0.0,0.0,0.0,0.0
1297,3,1,2,3,6,3,3,5,1,1,0.0,1.0,0.0,0.0,0.0,0.0,0.0,0.0,0.0
1298,3,2,2,4,13,2,4,9,7,3,1.0,0.0,0.0,0.0,0.0,0.0,0.0,0.0,0.0
1299,3,2,4,3,12,3,3,5,3,0,1.0,0.0,0.0,0.0,0.0,0.0,0.0,0.0,0.0
1300,4,2,3,4,10,5,3,10,8,4,0.0,0.0,0.0,0.0,0.0,0.0,0.0,1.0,0.0
1301,3,4,2,4,37,0,2,16,9,14,0.0,0.0,0.0,1.0,0.0,0.0,0.0,0.0,0.0
1302,1,1,3,3,6,2,4,5,4,0,0.0,0.0,1.0,0.0,0.0,0.0,0.0,0.0,0.0
1303,2,3,2,3,28,4,3,22,11,14,0.0,0.0,0.0,0.0,1.0,0.0,0.0,0.0,0.0
1304,3,2,1,3,15,3,3,7,4,7,1.0,0.0,0.0,0.0,0.0,0.0,0.0,0.0,0.0
1305,3,2,4,3,14,2,2,7,1,1,0.0,0.0,0.0,0.0,0.0,0.0,1.0,0.0,0.0
1306,3,3,1,3,9,3,3,3,2,2,0.0,0.0,0.0,0.0,0.0,0.0,0.0,1.0,0.0
1307,3,1,1,4,3,3,3,3,2,1,0.0,0.0,0.0,0.0,0.0,0.0,1.0,0.0,0.0
1308,1,2,4,4,20,4,2,4,2,0,0.0,0.0,0.0,0.0,0.0,0.0,0.0,0.0,1.0
1309,3,2,4,3,5,4,3,5,3,1,0.0,0.0,0.0,0.0,0.0,0.0,0.0,1.0,0.0
1310,3,4,3,3,23,3,3,2,2,2,0.0,0.0,0.0,0.0,0.0,1.0,0.0,0.0,0.0
1311,3,1,3,3,0,4,1,0,0,0,0.0,0.0,0.0,0.0,0.0,0.0,1.0,0.0,0.0
1312,4,1,1,3,2,4,3,1,0,0,0.0,1.0,0.0,0.0,0.0,0.0,0.0,0.0,0.0
1313,2,1,1,3,4,3,3,2,2,2,0.0,1.0,0.0,0.0,0.0,0.0,0.0,0.0,0.0
1314,3,2,3,4,10,3,4,8,7,5,0.0,0.0,0.0,0.0,0.0,0.0,0.0,1.0,0.0
1315,3,2,2,4,15,2,3,1,0,0,0.0,0.0,0.0,0.0,0.0,0.0,1.0,0.0,0.0
1316,3,2,4,4,7,5,3,7,7,7,0.0,0.0,0.0,0.0,0.0,0.0,0.0,1.0,0.0
1317,3,1,4,3,6,3,2,5,4,0,0.0,0.0,1.0,0.0,0.0,0.0,0.0,0.0,0.0
1318,3,1,4,3,11,3,4,11,8,3,0.0,0.0,1.0,0.0,0.0,0.0,0.0,0.0,0.0
1319,3,2,4,3,4,2,4,0,0,0,0.0,0.0,0.0,0.0,0.0,0.0,0.0,1.0,0.0
1320,3,1,3,4,10,1,2,6,3,3,0.0,0.0,0.0,0.0,0.0,0.0,1.0,0.0,0.0
1321,3,1,3,3,7,2,3,2,2,2,0.0,0.0,1.0,0.0,0.0,0.0,0.0,0.0,0.0
1322,3,3,4,3,12,4,2,9,8,4,0.0,0.0,0.0,0.0,1.0,0.0,0.0,0.0,0.0
1323,3,1,4,3,3,2,3,3,2,2,0.0,1.0,0.0,0.0,0.0,0.0,0.0,0.0,0.0
1324,1,2,3,3,11,3,3,7,0,1,1.0,0.0,0.0,0.0,0.0,0.0,0.0,0.0,0.0
1325,3,1,3,3,8,3,3,0,0,0,0.0,0.0,1.0,0.0,0.0,0.0,0.0,0.0,0.0
1326,2,2,2,3,7,3,2,2,2,2,0.0,0.0,0.0,0.0,0.0,0.0,0.0,1.0,0.0
1327,4,4,1,3,25,5,3,19,17,2,0.0,0.0,0.0,0.0,0.0,0.0,0.0,1.0,0.0
1328,2,2,3,4,9,5,3,9,8,5,0.0,0.0,0.0,0.0,0.0,0.0,0.0,0.0,1.0
1329,2,1,2,3,1,3,3,1,0,0,0.0,1.0,0.0,0.0,0.0,0.0,0.0,0.0,0.0
1330,2,5,3,3,21,2,3,16,12,6,0.0,0.0,0.0,1.0,0.0,0.0,0.0,0.0,0.0
1331,2,5,2,3,29,3,3,22,10,12,0.0,0.0,0.0,0.0,0.0,1.0,0.0,0.0,0.0
1332,2,1,4,4,1,3,2,1,0,1,0.0,0.0,0.0,0.0,0.0,0.0,1.0,0.0,0.0
1333,3,3,2,4,14,2,3,8,7,0,0.0,0.0,0.0,0.0,0.0,0.0,0.0,1.0,0.0
1334,2,1,1,3,8,2,2,7,6,7,0.0,0.0,0.0,0.0,0.0,0.0,1.0,0.0,0.0
1335,3,2,4,3,7,2,3,2,2,2,0.0,0.0,0.0,0.0,0.0,0.0,1.0,0.0,0.0
1336,2,1,4,4,19,2,4,5,2,0,0.0,0.0,0.0,0.0,0.0,0.0,1.0,0.0,0.0
1337,3,1,2,3,1,3,3,1,0,0,0.0,0.0,0.0,0.0,0.0,0.0,0.0,0.0,1.0
1338,3,1,4,3,1,3,2,1,0,0,0.0,0.0,0.0,0.0,0.0,0.0,0.0,0.0,1.0
1339,3,1,2,4,1,2,3,1,0,0,0.0,0.0,0.0,0.0,0.0,0.0,1.0,0.0,0.0
1340,2,2,3,3,10,4,3,10,9,1,0.0,0.0,0.0,0.0,0.0,0.0,0.0,1.0,0.0
1341,3,2,3,3,10,2,3,10,8,0,0.0,0.0,1.0,0.0,0.0,0.0,0.0,0.0,0.0
1342,3,3,4,3,9,3,3,5,3,1,0.0,0.0,0.0,0.0,0.0,0.0,0.0,1.0,0.0
1343,3,1,1,3,11,2,3,3,2,1,0.0,0.0,1.0,0.0,0.0,0.0,0.0,0.0,0.0
1344,3,2,1,4,16,2,3,5,3,0,0.0,0.0,0.0,0.0,0.0,0.0,1.0,0.0,0.0
1345,2,2,2,3,4,2,3,3,2,0,0.0,0.0,0.0,0.0,1.0,0.0,0.0,0.0,0.0
1346,2,2,4,3,10,2,2,9,8,3,0.0,0.0,0.0,0.0,1.0,0.0,0.0,0.0,0.0
1347,2,2,4,4,10,2,2,10,1,0,0.0,1.0,0.0,0.0,0.0,0.0,0.0,0.0,0.0
1348,3,4,1,3,22,3,3,19,7,11,0.0,0.0,0.0,1.0,0.0,0.0,0.0,0.0,0.0
1349,2,1,3,3,1,3,2,1,0,1,0.0,0.0,0.0,0.0,0.0,0.0,1.0,0.0,0.0
1350,4,2,3,3,9,5,2,8,7,0,0.0,0.0,0.0,0.0,0.0,0.0,0.0,1.0,0.0
1351,3,4,4,3,24,3,3,22,17,4,0.0,0.0,0.0,1.0,0.0,0.0,0.0,0.0,0.0
1352,4,2,1,3,10,5,3,2,0,2,1.0,0.0,0.0,0.0,0.0,0.0,0.0,0.0,0.0
1353,1,1,1,4,5,2,3,5,2,3,0.0,0.0,0.0,0.0,0.0,0.0,1.0,0.0,0.0
1354,3,1,4,3,5,3,3,4,2,1,0.0,0.0,1.0,0.0,0.0,0.0,0.0,0.0,0.0
1355,2,2,2,3,12,1,1,4,2,1,0.0,0.0,0.0,0.0,0.0,0.0,0.0,1.0,0.0
1356,3,2,2,4,14,3,3,5,4,1,0.0,0.0,0.0,0.0,0.0,0.0,0.0,1.0,0.0
1357,3,3,1,3,18,3,4,13,7,5,0.0,0.0,0.0,0.0,0.0,1.0,0.0,0.0,0.0
1358,3,2,4,3,8,2,3,5,2,1,0.0,0.0,0.0,0.0,0.0,0.0,0.0,1.0,0.0
1359,2,2,4,3,9,3,2,4,2,0,0.0,0.0,0.0,0.0,0.0,0.0,0.0,1.0,0.0
1360,4,1,3,3,4,0,2,2,2,2,0.0,0.0,1.0,0.0,0.0,0.0,0.0,0.0,0.0
1361,4,1,4,3,8,3,3,7,7,7,0.0,0.0,1.0,0.0,0.0,0.0,0.0,0.0,0.0
1362,3,2,3,3,12,3,3,4,2,0,1.0,0.0,0.0,0.0,0.0,0.0,0.0,0.0,0.0
1363,3,2,3,3,10,2,2,10,4,0,0.0,0.0,0.0,0.0,0.0,0.0,0.0,1.0,0.0
1364,2,2,4,3,7,2,3,7,7,0,0.0,0.0,0.0,0.0,0.0,0.0,0.0,1.0,0.0
1365,4,1,1,3,1,3,3,1,0,0,0.0,0.0,0.0,0.0,0.0,0.0,0.0,0.0,1.0
1366,1,2,3,3,10,1,3,3,2,1,0.0,0.0,0.0,0.0,0.0,0.0,0.0,1.0,0.0
1367,3,1,2,3,6,3,2,5,3,1,0.0,0.0,0.0,0.0,0.0,0.0,1.0,0.0,0.0
1368,2,2,4,3,16,3,3,15,10,6,0.0,0.0,0.0,0.0,0.0,0.0,1.0,0.0,0.0
1369,3,2,3,3,6,0,3,2,0,2,0.0,0.0,0.0,0.0,0.0,0.0,0.0,1.0,0.0
1370,3,2,2,3,16,4,4,8,7,1,0.0,0.0,0.0,0.0,0.0,0.0,1.0,0.0,0.0
1371,2,2,1,3,6,3,3,0,0,0,0.0,0.0,0.0,0.0,0.0,0.0,0.0,1.0,0.0
1372,3,2,1,4,10,3,3,10,0,7,0.0,0.0,0.0,0.0,1.0,0.0,0.0,0.0,0.0
1373,2,2,2,3,20,3,3,20,11,0,0.0,0.0,0.0,0.0,0.0,0.0,1.0,0.0,0.0
1374,3,4,4,3,29,2,2,1,0,0,0.0,0.0,0.0,1.0,0.0,0.0,0.0,0.0,0.0
1375,4,1,3,3,8,2,3,4,1,0,0.0,0.0,0.0,0.0,0.0,0.0,1.0,0.0,0.0
1376,3,1,4,3,10,0,4,5,2,0,0.0,0.0,0.0,0.0,0.0,0.0,1.0,0.0,0.0
1377,3,5,4,3,28,3,3,5,4,4,0.0,0.0,0.0,0.0,0.0,1.0,0.0,0.0,0.0
1378,3,2,4,3,14,4,3,0,0,0,0.0,0.0,0.0,0.0,0.0,0.0,0.0,1.0,0.0
1379,2,1,2,3,1,2,3,1,0,0,0.0,1.0,0.0,0.0,0.0,0.0,0.0,0.0,0.0
1380,3,2,1,3,6,2,1,5,3,0,0.0,0.0,0.0,0.0,0.0,0.0,0.0,1.0,0.0
1381,3,1,3,3,5,3,2,5,3,1,0.0,0.0,0.0,0.0,0.0,0.0,1.0,0.0,0.0
1382,3,1,1,3,4,3,4,4,2,2,0.0,0.0,0.0,0.0,0.0,0.0,1.0,0.0,0.0
1383,4,1,2,4,5,3,3,5,4,0,0.0,0.0,1.0,0.0,0.0,0.0,0.0,0.0,0.0
1384,3,3,4,4,14,3,2,14,8,2,0.0,0.0,0.0,0.0,0.0,0.0,0.0,1.0,0.0
1385,3,3,3,3,9,2,2,8,7,1,0.0,0.0,0.0,0.0,0.0,0.0,0.0,1.0,0.0
1386,3,1,1,3,8,6,2,7,7,7,0.0,0.0,1.0,0.0,0.0,0.0,0.0,0.0,0.0
1387,3,2,1,3,6,5,2,5,3,0,1.0,0.0,0.0,0.0,0.0,0.0,0.0,0.0,0.0
1388,3,2,4,3,9,6,3,5,1,1,1.0,0.0,0.0,0.0,0.0,0.0,0.0,0.0,0.0
1389,1,2,1,4,10,6,3,10,8,8,0.0,0.0,0.0,0.0,0.0,0.0,1.0,0.0,0.0
1390,2,1,4,3,6,2,2,4,1,0,0.0,0.0,1.0,0.0,0.0,0.0,0.0,0.0,0.0
1391,2,1,1,3,20,3,2,1,0,0,0.0,0.0,0.0,0.0,0.0,0.0,0.0,0.0,1.0
1392,3,2,4,3,10,2,3,10,8,0,0.0,0.0,0.0,0.0,0.0,0.0,0.0,1.0,0.0
1393,3,2,4,3,7,5,3,7,7,0,0.0,0.0,0.0,0.0,0.0,0.0,0.0,1.0,0.0
1394,2,2,4,4,8,1,3,1,0,0,0.0,0.0,0.0,0.0,1.0,0.0,0.0,0.0,0.0
1395,3,2,4,3,10,4,3,10,7,0,0.0,0.0,0.0,0.0,0.0,0.0,0.0,1.0,0.0
1396,3,3,1,3,15,2,2,2,2,2,0.0,0.0,0.0,0.0,0.0,0.0,0.0,1.0,0.0
1397,3,2,3,3,9,6,2,4,3,2,0.0,0.0,0.0,0.0,0.0,0.0,1.0,0.0,0.0
1398,3,2,3,4,9,2,3,9,7,2,1.0,0.0,0.0,0.0,0.0,0.0,0.0,0.0,0.0
1399,3,3,3,3,10,1,3,10,9,0,1.0,0.0,0.0,0.0,0.0,0.0,0.0,0.0,0.0
1400,3,1,2,3,7,2,3,6,2,1,0.0,1.0,0.0,0.0,0.0,0.0,0.0,0.0,0.0
1401,4,5,2,3,35,0,3,10,9,1,0.0,0.0,0.0,1.0,0.0,0.0,0.0,0.0,0.0
1402,1,1,4,3,1,4,3,1,0,0,0.0,0.0,1.0,0.0,0.0,0.0,0.0,0.0,0.0
1403,3,4,1,3,21,3,3,20,8,11,0.0,0.0,0.0,0.0,0.0,0.0,0.0,1.0,0.0
1404,2,2,3,3,20,2,3,20,9,3,0.0,0.0,0.0,0.0,0.0,0.0,1.0,0.0,0.0
1405,3,3,3,4,13,2,4,11,7,4,0.0,0.0,0.0,0.0,0.0,1.0,0.0,0.0,0.0
1406,3,2,1,3,9,3,3,5,2,1,0.0,0.0,0.0,0.0,1.0,0.0,0.0,0.0,0.0
1407,2,2,3,3,4,2,2,4,3,1,1.0,0.0,0.0,0.0,0.0,0.0,0.0,0.0,0.0
1408,3,1,4,3,5,6,4,5,2,1,0.0,0.0,1.0,0.0,0.0,0.0,0.0,0.0,0.0
1409,3,2,3,3,10,2,4,10,9,9,0.0,0.0,1.0,0.0,0.0,0.0,0.0,0.0,0.0
1410,3,2,2,3,15,4,3,11,8,5,0.0,0.0,0.0,0.0,0.0,0.0,0.0,1.0,0.0
1411,3,1,2,3,6,3,3,2,0,1,0.0,1.0,0.0,0.0,0.0,0.0,0.0,0.0,0.0
1412,3,1,2,3,12,6,2,12,8,1,0.0,0.0,1.0,0.0,0.0,0.0,0.0,0.0,0.0
1413,3,1,3,3,7,2,2,2,2,0,0.0,0.0,1.0,0.0,0.0,0.0,0.0,0.0,0.0
1414,3,3,3,4,25,3,3,17,14,12,1.0,0.0,0.0,0.0,0.0,0.0,0.0,0.0,0.0
1415,2,1,3,3,1,2,2,1,1,0,0.0,0.0,1.0,0.0,0.0,0.0,0.0,0.0,0.0
1416,3,2,2,3,16,3,3,15,13,5,0.0,0.0,0.0,0.0,0.0,0.0,0.0,1.0,0.0
1417,3,1,3,3,3,1,3,2,2,1,0.0,0.0,0.0,0.0,0.0,0.0,0.0,0.0,1.0
1418,2,2,3,3,10,1,3,8,3,7,0.0,0.0,0.0,0.0,1.0,0.0,0.0,0.0,0.0
1419,3,2,1,3,9,3,2,4,3,1,0.0,0.0,0.0,0.0,0.0,0.0,1.0,0.0,0.0
1420,3,1,4,4,12,3,3,5,3,1,0.0,0.0,0.0,0.0,0.0,0.0,1.0,0.0,0.0
1421,3,3,2,3,14,3,1,13,8,5,0.0,0.0,0.0,0.0,0.0,1.0,0.0,0.0,0.0
1422,3,1,3,3,5,3,3,2,2,2,0.0,0.0,1.0,0.0,0.0,0.0,0.0,0.0,0.0
1423,3,1,3,3,4,2,4,3,2,1,0.0,0.0,0.0,0.0,0.0,0.0,1.0,0.0,0.0
1424,3,2,3,3,10,5,3,10,7,0,0.0,0.0,0.0,0.0,0.0,0.0,1.0,0.0,0.0
1425,3,2,4,3,10,6,3,9,7,8,1.0,0.0,0.0,0.0,0.0,0.0,0.0,0.0,0.0
1426,2,1,2,3,6,3,3,6,2,4,0.0,0.0,1.0,0.0,0.0,0.0,0.0,0.0,0.0
1427,3,1,4,3,8,3,2,1,0,0,0.0,0.0,1.0,0.0,0.0,0.0,0.0,0.0,0.0
1428,2,1,2,3,3,2,3,2,2,2,0.0,0.0,0.0,0.0,0.0,0.0,0.0,0.0,1.0
1429,3,2,4,3,18,2,3,7,7,1,0.0,0.0,0.0,0.0,0.0,0.0,1.0,0.0,0.0
1430,1,3,3,3,20,3,3,18,16,1,0.0,0.0,0.0,0.0,0.0,1.0,0.0,0.0,0.0
1431,3,3,4,3,14,3,3,14,10,5,0.0,0.0,0.0,0.0,0.0,0.0,0.0,1.0,0.0
1432,4,3,4,4,16,2,3,16,11,6,0.0,0.0,0.0,0.0,0.0,1.0,0.0,0.0,0.0
1433,3,2,3,4,6,3,2,5,3,0,0.0,0.0,0.0,0.0,0.0,0.0,0.0,1.0,0.0
1434,3,1,4,3,16,3,2,9,8,0,0.0,0.0,0.0,0.0,0.0,0.0,0.0,0.0,1.0
1435,3,1,4,3,6,2,3,4,3,1,0.0,0.0,0.0,0.0,0.0,0.0,1.0,0.0,0.0
1436,3,1,1,3,2,6,3,2,2,1,0.0,0.0,0.0,0.0,0.0,0.0,0.0,0.0,1.0
1437,3,5,4,3,21,3,2,6,0,1,0.0,0.0,0.0,1.0,0.0,0.0,0.0,0.0,0.0
1438,3,1,1,3,1,3,2,1,0,1,0.0,0.0,0.0,0.0,0.0,0.0,0.0,0.0,1.0
1439,2,3,4,3,10,2,3,9,7,3,0.0,0.0,0.0,0.0,0.0,0.0,0.0,1.0,0.0
1440,3,2,2,3,18,3,3,4,2,0,0.0,0.0,0.0,0.0,1.0,0.0,0.0,0.0,0.0
1441,3,2,3,4,13,2,2,13,12,1,1.0,0.0,0.0,0.0,0.0,0.0,0.0,0.0,0.0
1442,3,1,4,3,4,3,4,2,2,2,0.0,0.0,0.0,0.0,0.0,0.0,1.0,0.0,0.0
1443,3,5,3,3,24,2,2,22,6,4,0.0,0.0,0.0,1.0,0.0,0.0,0.0,0.0,0.0
1444,3,1,3,3,14,4,1,10,9,9,0.0,0.0,1.0,0.0,0.0,0.0,0.0,0.0,0.0
1445,2,4,2,4,21,3,3,20,7,0,0.0,0.0,0.0,0.0,1.0,0.0,0.0,0.0,0.0
1446,2,2,3,4,8,2,3,8,7,1,0.0,0.0,0.0,0.0,0.0,0.0,0.0,1.0,0.0
1447,1,2,4,4,15,4,2,15,12,11,0.0,0.0,0.0,0.0,0.0,0.0,0.0,1.0,0.0
1448,2,2,2,3,14,5,3,5,4,0,0.0,0.0,0.0,0.0,0.0,0.0,0.0,1.0,0.0
1449,3,1,1,3,4,4,3,4,2,1,0.0,0.0,0.0,0.0,0.0,0.0,1.0,0.0,0.0
1450,3,3,4,3,9,2,3,9,0,1,0.0,1.0,0.0,0.0,0.0,0.0,0.0,0.0,0.0
1451,3,2,4,3,10,1,3,10,7,1,0.0,0.0,0.0,0.0,0.0,0.0,0.0,1.0,0.0
1452,3,2,3,3,12,3,3,6,3,0,0.0,0.0,0.0,0.0,0.0,0.0,0.0,1.0,0.0
1453,2,2,4,3,8,2,2,6,3,0,0.0,0.0,0.0,0.0,0.0,0.0,0.0,1.0,0.0
1454,3,2,3,3,8,3,3,5,3,0,0.0,0.0,0.0,0.0,0.0,0.0,0.0,1.0,0.0
1455,2,1,3,3,8,2,3,2,2,2,0.0,0.0,0.0,0.0,0.0,0.0,1.0,0.0,0.0
1456,3,2,3,3,10,2,4,10,2,0,1.0,0.0,0.0,0.0,0.0,0.0,0.0,0.0,0.0
1457,3,1,3,3,20,2,3,5,3,0,0.0,0.0,0.0,0.0,0.0,0.0,1.0,0.0,0.0
1458,1,1,4,3,4,5,3,4,3,1,0.0,0.0,0.0,0.0,0.0,0.0,1.0,0.0,0.0
1459,2,2,2,3,10,2,3,4,3,0,0.0,0.0,1.0,0.0,0.0,0.0,0.0,0.0,0.0
1460,2,1,1,3,5,3,1,5,4,0,0.0,0.0,0.0,0.0,0.0,0.0,1.0,0.0,0.0
1461,2,3,1,3,20,3,3,3,2,2,0.0,0.0,0.0,0.0,0.0,0.0,0.0,1.0,0.0
1462,2,4,4,3,21,2,2,20,9,9,0.0,0.0,0.0,0.0,0.0,0.0,0.0,1.0,0.0
1463,3,2,1,3,10,2,3,9,4,1,0.0,0.0,0.0,0.0,1.0,0.0,0.0,0.0,0.0
1464,2,1,3,3,5,2,3,4,2,0,0.0,0.0,0.0,0.0,0.0,0.0,0.0,0.0,1.0
1465,4,2,4,3,17,3,3,5,2,0,0.0,0.0,1.0,0.0,0.0,0.0,0.0,0.0,0.0
1466,2,3,1,3,9,5,3,7,7,1,1.0,0.0,0.0,0.0,0.0,0.0,0.0,0.0,0.0
1467,4,2,2,4,6,0,3,6,2,0,0.0,0.0,0.0,0.0,1.0,0.0,0.0,0.0,0.0
1468,2,2,2,3,17,3,2,9,6,0,0.0,0.0,0.0,0.0,0.0,0.0,0.0,1.0,0.0
1469,4,2,3,3,6,3,4,4,3,1,0.0,0.0,1.0,0.0,0.0,0.0,0.0,0.0,0.0
